"Path","Size_Bytes","SHA256"
"docs/architecture_tradeoff.md","4237","9EF7E72E87BC1B91BC17AC71380E8C4E9C14360CFB9818E399FE3D138142B06F"
"docs/component_selection.md","10980","2740370FA16CC0B65D7E1CAB9BEAADF6D38EB7BC05A25278FA61EAB47940BE22"
"docs/design_review_checklist.md","8027","26E933C7763BB018F7309E1C28C49E28F6F02C47364B099D7420ED368F01F5A3"
"docs/interface_definition.md","8219","0E6481CF67B80F0F32902F95FA4C6CCE8CD76C9886DD4B64F23FBD3797C95BC6"
"docs/pcie_m2_pin_mapping.md","10083","5F0482784071A5C6C4D9FFC84DC9BE00485815C883BA427D8F2719C21578D6F6"
"docs/power_budget.md","4858","458B07CA5CA200AEDDBB052E46F2E8ACF43B40642B692B1985C6C269EA131641"
"docs/requirements.md","7148","86948BD5633DFE0DC5AD4A5F79C72EC207AF3D33C58D96A897ACC60A54507F7D"
"docs/risk_register.md","6809","D3661F299DB08DCAEC7F258423935DF51F25DBC50A0D80321F61EFC4B26FC1B3"
"docs/source_log.md","17579","1030E87573C3AD70C95ADF5ACB764F0D7088DB9BC0ADAFD25EF8922B59819A19"
"docs/system_block_diagram.md","4069","D37EF7C57FF407899BD7717E71B8930D306E416ED0E98557D08E2B31A8913439"
"evidence/stage2/pspice/pw01_vendor_combined_run/console_stderr.txt","0","E3B0C44298FC1C149AFBF4C8996FB92427AE41E4649B934CA495991B7852B855"
"evidence/stage2/pspice/pw01_vendor_combined_run/console_stdout.txt","364","BFCB94807B141ED9BA8AA40B5E17E3A3868DB8CDCBA175426808566BF0EF53FF"
"evidence/stage2/pspice/pw01_vendor_combined_run/pw01_overall_metrics.csv","1097","E160E8F06CC91D181BDCAB732A297C9D54AA96D0CDEF92522DBB88B1B8AFDB9D"
"evidence/stage2/pspice/pw01_vendor_combined_run/pw01_recovery_diagnostics.csv","6627","228FE5DAF1FB6BF6EF4B4C978BF64F34CEF8AC6C42C516EE724E53F2AE483AE9"
"evidence/stage2/pspice/pw01_vendor_combined_run/pw01_recovery_overall_metrics.csv","1097","E160E8F06CC91D181BDCAB732A297C9D54AA96D0CDEF92522DBB88B1B8AFDB9D"
"evidence/stage2/pspice/pw01_vendor_combined_run/pw01_window_metrics.csv","5265","9DDA88AD5C82C945AA0F89F5C4309618D33D4F4DE6927CB079F4C6EA43DFB6C9"
"evidence/stage2/pspice/pw01_vendor_combined_run/run_record.md","1474","CC6C012071638E6F6D6C249E778A8AE9941F04EE9C1334D83E707E557511D164"
"evidence/stage3/3d/roundtrip_revk/pcie_gen3_x4_nvme_adapter_reva_revk_final_step_reimport.dra","1890600","BE181E5EC295613092AB8CE0671D12C9F4A1619709BC394BC8784C6D0FCCEBA2"
"evidence/stage3/3d/roundtrip_revk/stage3_final_step_reimport_native_log.txt","634","88A603D7039443276502A366516DF912265B2F4FC7EB4A69BBACF8EC5B8A911D"
"evidence/stage3/3d_status.md","1338","CBA681152B9B81B06C6ACE0AA98EBFD1123376649FECD2A13A1FD0DBCFED4527"
"evidence/stage3/3dx_native_revk/revk_bottom_with_ui.png","122498","26D8FC4F34C06B6D09E7B71F1B33794D5871FF5EE43F34D0B9E02F7EA02381D4"
"evidence/stage3/3dx_native_revk/revk_bracket_left_with_ui.png","121984","149F3C418E28F45778C13BF3550CFEA3A547F85FEADE5B81700228BBFDC3F842"
"evidence/stage3/3dx_native_revk/revk_isometric_with_ui.png","131697","D2B4629F817267F63A9A8D0575320289A35027C7E074A8B4052034C9EB4910B3"
"evidence/stage3/3dx_native_revk/revk_power_zone_l4_with_ui.png","129568","0F730C17521725D905D32A46A5EB072E2597351BEBB4C3A29A964C67DE873C5C"
"evidence/stage3/3dx_native_revk/revk_side_front_with_ui.png","125843","305A4F39D14D906B0B7E1F0E1064155FD0AE409EA66C928C240BBAD6946B9749"
"evidence/stage3/3dx_native_revk/revk_ssd_underside_bottom_iso_with_ui.png","126632","6BDC2BF5FBB0B567476DF8761AD6E43040379ED6EE74B2F40E01774E89A050BA"
"evidence/stage3/3dx_native_revk/revk_status_drc0_zero_islands_with_ui.png","131556","3D26B8920D26C65AF65C46B65448F78DB5A042C1350F1E276B028C824C025735"
"evidence/stage3/3dx_native_revk/revk_step_export_command_log_with_ui.png","217322","4A1225E5BEBD170133D780358681F89D027A43D25FEC15664587BDA3A5F9F90F"
"evidence/stage3/3dx_native_revk/revk_step_export_completed_with_ui.png","116455","119AB5B7498488AA2786EDF15457B96B82FC46A9757E0CFDECAA715A99D4699A"
"evidence/stage3/3dx_native_revk/revk_step_export_content_options_with_ui.png","116912","762F9DE2C1209DE56BD36CA9BC7F35BE2D011D2FEEBB3D632BEAD8037D8A8E3F"
"evidence/stage3/3dx_native_revk/revk_step_export_mm_ap242_top_upper_with_ui.png","117056","FE27AE6ED393D4484D3FE3E91946B8A8A4064C3C594ACBAA1ABA788ECB08E899"
"evidence/stage3/3dx_native_revk/revk_top_isometric_detailed_with_ui.png","131810","DFCD8056529AD7CAE1CE92A88EE226CFB4D79E0EE0D8F5CEC34357B33A2FD353"
"evidence/stage3/3dx_native_revk/revk_top_with_ui.png","131917","0CC553E011E729FC2875EE34CB48AD27DD325599284A785D20758714A2C6B333"
"evidence/stage3/constraint_manager_status.md","1044","F0FCD97AE739EA7C094CF5AC7CA80AE2DAC3974F3FF641AAF797DD7344262B2B"
"evidence/stage3/csv_warning_review.md","955","18BA4F146C3181774FB90B1A045EDE62020FB022B750544744948F13314977BC"
"evidence/stage3/final_evidence_manifest.csv","8415","45F0AAE849234BF4D7C0D78636BBA1CA3F406588B219D00FB028B86207AC4A44"
"evidence/stage3/final_release_status.md","660","41BF4DFFBB42646DBE9A5BD7C563FF66355FC91B23642FD32D059C48C95D0EDF"
"evidence/stage3/portfolio_final_manifest.csv","3060","D9061BF4980CFBC967C77AD0FE081D41E4AD0B979B78A200652140CB82EF7B68"
"evidence/stage3/portfolio_revk/stage3_bottom.png","836241","DD6D59DA8A34AD48E45E6F6496B7E7B3287F57D43F7E80EC34FC09076EDB2217"
"evidence/stage3/portfolio_revk/stage3_bracket_review.png","1134920","16A2DDD3E16E71FD604FCEED8EFF5096DB7E966670C49F217F7D0842DB3E07B3"
"evidence/stage3/portfolio_revk/stage3_hero_isometric_assembly.png","1068237","73D44483E89F8D3EC3DA486396125F33D81B8D2DE874CDA6AD81C6046A876B7F"
"evidence/stage3/portfolio_revk/stage3_hero_isometric_pcb_detail.png","1047092","947E26D7545FA849B96110F3A6471BDFEC9349EE625C9F92349D176845722634"
"evidence/stage3/portfolio_revk/stage3_side.png","1122736","AE649C2F9733FD281057A89A927F54B935771A81DF8F4056B75CFA0A47AC3A8A"
"evidence/stage3/portfolio_revk/stage3_ssd_underside.png","1078659","9E7C0D50FCB859392D2BB6C93EDD4055487A906B86B05FCC9AA93C5AC043FF25"
"evidence/stage3/portfolio_revk/stage3_top_assembly.png","956764","278E7EC2BDE103E235BEA7C178F18A8CF67A20285036EA6B72F3E9F673CC8268"
"evidence/stage3/portfolio_revk/stage3_top_pcb_detail.png","941503","1F7E5A7ABA4ED7AF925F333A7F1F9B8C0B44121DCF040D93848C2527E408FFBA"
"evidence/stage3/README.md","195","F70412BD8EFFA475DBD5229F04730829454D0F0B3879B0A0301E1B31587570D1"
"evidence/stage3/stage3_delivery_gate.json","1161","BFD29B8F7B131469A16B1C3B5B12B15B27F146BE2588ADD05A720B0393939FEE"
"evidence/stage3/stage3_delivery_gate.md","1702","B637C1C1BD8134FEF024D6E57C0929D7FCB3B0AD8F5470ECCA65094A103558DE"
"manufacturing/bom.csv","22937","82A58E2C1FE0123E31A954C10ABE25850897ECB4EF1C616341CCDB68C1A7CE49"
"manufacturing/stage3_final_revk/art_param.txt","287","542918DE15371F4A91511AA3AB3AD748BB097B130830E945F7C7627C0A31F61B"
"manufacturing/stage3_final_revk/artifact_manifest.csv","19695","64370868630050092D7B73EF19239E06627A41BE1742BE984E2A80ABD69D5D87"
"manufacturing/stage3_final_revk/artwork_console.log","2540","74E34E3F051468973F20008390E4B3026985817EDACC60EEDF07BF3C1F9726A4"
"manufacturing/stage3_final_revk/ASSEMBLY_BOTTOM.art","803","C1198920CD5D2410BADF2BD720880A457CE9790448ABC81A00780D8964926A95"
"manufacturing/stage3_final_revk/ASSEMBLY_TOP.art","793","8A7B1CDA31CDD6575119C54C175F0AE357ED0F2369399C558A5540D356478AFC"
"manufacturing/stage3_final_revk/bom_revk_interview_digital.csv","27611","767BF828DB3D05C9B6D5765EE3E87677FB328F52EFDFE6E8A117C07A49C44C56"
"manufacturing/stage3_final_revk/cam_preview/revk_film_assembly_top_with_ui.png","210064","6A15AA8E80C63059C5884CD7A3B7C07F2866312E7096FDB493A4F3F755BD8075"
"manufacturing/stage3_final_revk/cam_preview/revk_film_l1_top_with_ui.png","206159","708F0675B056928B290A6310148C6844DA9F7CAD83DE94FC07BADE52307955BE"
"manufacturing/stage3_final_revk/cam_preview/revk_film_l4_power_with_ui.png","197780","7D50FC41DF3ABEB5EE4DEF40566365C6F602ED9C156EDC9258F822CAD912CC40"
"manufacturing/stage3_final_revk/diagnostics/ipc356_failed/ipc356_console.log","720","E538117E35707FD6C9EDD37BF5FD639FB3A344CCCC3A69CF173EBE523AE629DB"
"manufacturing/stage3_final_revk/diagnostics/ipc356_failed/ipc356_out.log","0","E3B0C44298FC1C149AFBF4C8996FB92427AE41E4649B934CA495991B7852B855"
"manufacturing/stage3_final_revk/export_status.csv","907","0C55F487CFF71AD97C62094D7236501E4A72CF6C4838ABA932AB01C175AEF881"
"manufacturing/stage3_final_revk/ipc2581_console.log","8094","ED3E44C30C86709517B0AC5B8C2674BC17FDCE0B14F27F6674749DABDF8648F4"
"manufacturing/stage3_final_revk/ipc2581_out.log","4716","F3D4CDA4AA69D802D01E336B254FC03ECA3E7DBE274C6E0D58CB48A0204ECCB1"
"manufacturing/stage3_final_revk/ipc2581_out.log,1","4713","A4811DE265C6BBFC39AD35568B5D3AEB73B67B6AB394CF84BCBBA95743A3FEDC"
"manufacturing/stage3_final_revk/L1_TOP.art","21379","4AFBB5F1B5DAA186E4D728D934B3D257C46FCBB35C32F2B061C0BF08A231E86B"
"manufacturing/stage3_final_revk/L2_GND1.art","8664","24635DC477EF230F11F0D77AF040B4B5BA76F50434049997148F56B7BD8311C1"
"manufacturing/stage3_final_revk/L3_SIG1.art","4658","B9384EF6FEEF87A525BA68BC783A0756DFDCEEDC38AF5C1D7BD6F4294B06A5E4"
"manufacturing/stage3_final_revk/L4_PWR.art","3336","D786519F5D0C4895719BC06EB1D3B3BAB6DCF2A49EC16DB41C0417395ADBB275"
"manufacturing/stage3_final_revk/L5_GND2.art","8769","635AF325A387E7EA25E066474F71AF42CD76A53E640975969CC3775A1A78FE46"
"manufacturing/stage3_final_revk/L6_BOTTOM.art","4486","D063146667F6C24ACEEB0B08D940225AB10D28371159DE9A042E75966AE8F8BE"
"manufacturing/stage3_final_revk/native_placement.csv","2685","DBE9CC98DB9A62AA8BDD7C4A7F221955F46E2947E64D8553180EE1E71AF27D5E"
"manufacturing/stage3_final_revk/nc_param.txt","965","08DE3551FEA43A9AA1C3CA8505B6368FFD18D35DCC4359E36B7761F2D02617B9"
"manufacturing/stage3_final_revk/nc_tools_auto.txt","132","00B12A343CCA5628136F652785FA11EECC6F11BA86F17F15B09A1E97202EC82F"
"manufacturing/stage3_final_revk/ncdrill.log","2893","55492FA60A6D8332C7FEC52094A572BF939DAA78C4538080DC600EB8515816C0"
"manufacturing/stage3_final_revk/nctape_console.log","1584","2BD025355A541B0B5C92EFE55C1E6BC374152956D71483697E2EF6445B9368E3"
"manufacturing/stage3_final_revk/PASTE_BOTTOM.art","1396","8FE2677AB992515BC43806F120C9A618A2978847C47EE60959756CB87776A358"
"manufacturing/stage3_final_revk/PASTE_TOP.art","6270","1361679DC1F40DCA734811B62A7A39343691DDC1905602DE8044AF79F3CD31BE"
"manufacturing/stage3_final_revk/pcie_gen3_x4_nvme_adapter_reva_revk_final_ipc2581.xml","1567224","26FC124B47BE6017C94937266920D80A5615BA31A1B957F3A52D1F86A3C081AC"
"manufacturing/stage3_final_revk/pcie_gen3_x4_nvme_adapter_reva_revk_final_ipc2581.xml,1","1567224","54D8359086FC93F6450DFEB929331572671293CA4E4BA7003CF047A82FCA4D12"
"manufacturing/stage3_final_revk/pcie_gen3_x4_nvme_adapter_reva_revk_final_preliminary.step","8939536","DB176B106DC8D612EBFF79B8306FD327B831017CC22861F32DA83B99DF441EE0"
"manufacturing/stage3_final_revk/pcie_gen3_x4_nvme_adapter_reva_revk_final-1-6.drl","2321","CB30B3047C2729C8F523D9B5219453D6B880F16E46221636A12BEE11DE2DD16E"
"manufacturing/stage3_final_revk/pcie_gen3_x4_nvme_adapter_reva_revk_final-1-6-np.drl","418","54B875312DD4CF1F285B8CF01FF287FEFE6D0058F302A290D630EE80D185B490"
"manufacturing/stage3_final_revk/photoplot.log","18791","761F2136D734CE7EEAB12A8AD2A656754818C0572799EBD36AA0B457C325531F"
"manufacturing/stage3_final_revk/pick_and_place_revk_preliminary.csv","8911","2C36EB3E2A58A45EE84BF1FB621ECE8183DBBFFB01E76357BDC2E2F541D64E12"
"manufacturing/stage3_final_revk/README.md","910","6D40D2F4098172D55B8EF0B2EB9A47867DDA53016D4E132386E4BD6DDBFEDC1C"
"manufacturing/stage3_final_revk/SILK_BOTTOM.art","850","CF2D1742759E95E3E346BA7F438DFCA391CC93025DB264263DD360363502B36B"
"manufacturing/stage3_final_revk/SILK_TOP.art","837","B1306CDD7A3DD1D20843700D01457209916D3D7CF23984D12A7967BA96609D0C"
"manufacturing/stage3_final_revk/SM_BOTTOM.art","1482","CDF6370D7B22942EEB2648D7F0C3EE1AA7777A149EABABE10A679D3AF1C476F0"
"manufacturing/stage3_final_revk/SM_TOP.art","6327","7981F697AFDA7C2E7FCE804DDD0176D39D71662CC163C84CD2A69CFC966C828B"
"PACKAGE_README.md","1360","E8C6F96723E1529961D5E8E8DE877227E02704152C921A67DBF1B4F69C15B6F3"
"pcb/3d_model_mapping.csv","8810","751998F1C35244EED7343103F594D17C6DABB46814FBC1C8C53405869D9B82E7"
"pcb/3d_models/amphenol_mdt420m01501_vendor-c3d-rev-unstated_2026-07-24.stp","2219066","F5427DE4C21FD8C98D0425E09D63247DC632733ACE2211E52F6E282C68F593CD"
"pcb/3d_models/README.md","1383","0E556AB044CFC550BBAE138EE8F827201AE48D32319ABE3EE8429FC83C2D3279"
"pcb/3d_models/stage3/adi_cp_8_10.step","26604","A22D33B550BC34724415BE5B3B908077C0AF08B78B82083044F2E7A52FF7129D"
"pcb/3d_models/stage3/c_0402_1005m.step","54168","464C31227171AF75F1DD8DB251E2441393CDB71D72222647D31B05500C2E3D59"
"pcb/3d_models/stage3/c_0603_1608m.step","54199","E01006FD8AF1F59AF42D6B8A8C551C602B38BD8323769817F9A6C06017E7978A"
"pcb/3d_models/stage3/c_0603_1608m_reserved.step","54232","DFFD7CEACC4E6399D671D98F2C0B803AFEFA560FAC161B324C06ED9F684CE830"
"pcb/3d_models/stage3/c_1210_3225m.step","54208","AB9802B8E3D7E1A24B25AF5E1AC06AC7836BA70EC0B83D57D3C374E3472DE902"
"pcb/3d_models/stage3/coilcraft_xgl5050.step","36385","6DA933C86A2025D2CA2AA6FA72A343B741A859AA67CBDD3ED02466497D0B294B"
"pcb/3d_models/stage3/do214aa_smb.step","72546","41287D9917571CD7246142C352AA9A7279A5630D314422972233CBBD389A7D7E"
"pcb/3d_models/stage3/harwin_s1751_46r.step","16804","0BA2A68D334285CCF24CD6880A93CE94E93C1CE05E17B3CC488BAE3F10CB88CC"
"pcb/3d_models/stage3/hdr_1x4_2p54_ra.step","90735","37DBDEB89C57C6F077B55E3231A6E9D437683451DB5925B4A4E96DF46A6BBA13"
"pcb/3d_models/stage3/led_0603_1608m.step","54249","AA18E9E039CE7B44919AA286255842DE6D485BA159E35032FD7E8682A529E7B9"
"pcb/3d_models/stage3/low_profile_pcie_bracket_engineering.step","54154","EBDFDCD622515A26A07205B1BCCA2456209C2678444F078D2B5DA3F65BA64AD7"
"pcb/3d_models/stage3/m2_2280_standoff_engineering.step","24574","3A6DF80A8208CA07177ABB4EB8BCA29EC1D7D7B18A39D7362985D89B7E4A02AC"
"pcb/3d_models/stage3/murata_blm21_0805.step","54260","F2C683E43B011A0825CC435F0D1096FCB89A91DFFF90DCBF0B71F40B261C9DB9"
"pcb/3d_models/stage3/r_0603_1608m.step","54235","1A014C636A74A14F9DE28B18A9D814E82FE8A194CBA15317C7C113FA710094FA"
"pcb/3d_models/stage3/sot23_standard.step","26683","065D3F7407043550546DBF4A388FC943406992E4A326AD2E57ABA7C09AAB1D4A"
"pcb/3d_models/stage3/stage3_generated_model_manifest.json","8789","8A7E8431B6029620655EE5EC8AA3888AA791AF129478142F8A0A371A6DFDB638"
"pcb/3d_models/stage3/ti_d8_soic.step","172043","9217CA0E018DE3B1C1189D0B423BEA73CB962B9BB61CEA7797D1173745147CE4"
"pcb/3d_models/stage3/ti_dgs10_vssop.step","208765","E81255D58232DDADEAA5961618E449FCFC058858E6801C6EF0FC3F4EC6910141"
"pcb/3d_models/stage3/ti_rpw10_2p0x2p0.step","26622","C6A18BD2F727BC63439D9518EF9487233AA49D6DD3F954888169D2865C0CBB12"
"pcb/3d_models/stage3/ti_rpy14_2p5x3p0.step","26655","7856C1C27DC1429713F04146952BA760056BC4BEBED292134BA6F50DCD540B93"
"pcb/3d_models/stage3/wd_black_sn750_1tb_wds100t3x0c_engineering.step","438513","34A48F5AC19EDA7418E91B96B76D3200F0309A1EF09B49DA831AF13024002BB9"
"pcb/3d_models/vishay_wsk2512_0p005_to_0p2_vendor_30323_2026-07-25.stp","30288","5DB533DD5423847B51D33E38AAE9731AD1C178A526C6B0A4E40B933719442BF3"
"pcb/allegro/stage3/library/_stage3_seed_input.dra","194560","102FD3992AE6881258826B8A31ACE0A7199CF04AA50FB2B65AEB5D550648C9DB"
"pcb/allegro/stage3/library/ADI_CP_8_10.dra","209000","8FEBA8B67F55A546B6B9B61D3D953FD0695E01BE69431B9E315E5459BB7E9933"
"pcb/allegro/stage3/library/adi_cp_8_10.psm","16092","2DFA90776936B684196FA9EB042BA04D0C7E877481FA45AAE058424C61D4D4EE"
"pcb/allegro/stage3/library/AMPHENOL_MDT420M01501.dra","977928","00A7D50DEF1FE91C614381CBE63AECAAC10477BA242ED5FE66B54C84A0261E44"
"pcb/allegro/stage3/library/amphenol_mdt420m01501.psm","787696","B59CEF840ABB28FAECAACD54F2F5E5ACF9AFE6D0B9155E27748C84991016CAD3"
"pcb/allegro/stage3/library/c_0402_1005m.psm","14020","72F1697CAAE2D4CD59929C8E69A0EF330FC73D44A6745118ED163F6208BABDBE"
"pcb/allegro/stage3/library/c_0603_1608m.psm","14464","A24C8F9ED1CACC8CA8A436F4C6BAB349DCEF6C3BD0BE71E6C8E974BDE1A61E2E"
"pcb/allegro/stage3/library/c_0603_1608m_reserved.psm","14844","84950DCC750AD4641BFD32491A6353370689C4E4C12316239B007CF88868F69A"
"pcb/allegro/stage3/library/c_1210_3225m.psm","15164","5009FF1EA1BE0B123DFB7077E832BFCDC1EF46EC54C61E81E8DDC97E71BC1A5F"
"pcb/allegro/stage3/library/coilcraft_xgl5050.psm","16560","A8923147FB643489AD1285C9222E360D2944850102EFCFDC0B3BE6E576A9BC53"
"pcb/allegro/stage3/library/do214aa_smb.psm","16888","53F1E991F6F62D8645A79EA8DA1E37F246E79E476DA9DA6C5E81A9093F9F368D"
"pcb/allegro/stage3/library/harwin_s1751_46r.psm","16940","6B55273301A4CB60D04B3B0F526D0B99CAB8DE37ACA478A590A4486BADE606CB"
"pcb/allegro/stage3/library/hdr_1x4_2p54_ra.psm","20564","A078686E6707D1CB0D8AAB2A4D90B11B2147CD8306BC5DC3F3BA446203E4403B"
"pcb/allegro/stage3/library/led_0603_1608m.psm","15820","F0DA31C0F8709D26EAB207B0CBB523267EFD4AB049FF4CD5C0A9BB1C528FB66E"
"pcb/allegro/stage3/library/murata_blm21_0805.psm","16188","71EA2FA5CA98710E97F6C9127165A5856C8648E7B6BE02595A098D78A5E8DAFC"
"pcb/allegro/stage3/library/pcie_cem_x4_edge_reva.psm","38340","B269FD5169BBF6093A644BFBA57FC8F628154E71086B74B0E5F493D844A36124"
"pcb/allegro/stage3/library/r_0603_1608m.psm","15480","C1A31C414B80BA51E4517556A70919E2DA537D8D8253753B10CF62E81A9DB268"
"pcb/allegro/stage3/library/s2_adi_cp_8_10_pad.pad","5272","EBA306A2F2733D19373BEC44A9C89DE26E315664035674DB9DF72E6971DB860F"
"pcb/allegro/stage3/library/s2_adi_cp8_ep_reva.pad","5264","2CDDA4C81D2EE8E4E4F1DDFDA3ACCA6C9B45E40AFB84704985A06AE8E0D5328D"
"pcb/allegro/stage3/library/s2_adi_cp8_io_pad_reva.pad","5284","DB411F21C5A62CEFD4BF0CF406E5FE1B5D0E3BAC4A38FBA5D60DC0A0C0E636F1"
"pcb/allegro/stage3/library/s2_c_0402_1005m_pad.pad","5260","3387DD08D1DD948419B8B105CAB2122BCDBC31309C37D334682799CF84BF248B"
"pcb/allegro/stage3/library/s2_c_0603_1608m_pad.pad","5272","52B1CCE7559CA550BE72EE137AC567EBE685E409120C286BFF1E8764F3214321"
"pcb/allegro/stage3/library/s2_c_0603_1608m_reserved_pad.pad","5300","B5DCCD74D1ABC19C6BA7A2E56BF8069A68236A45550517CDBB2F41BDBA2FFB25"
"pcb/allegro/stage3/library/s2_c_1210_3225m_pad.pad","5280","0AEC4EF2A9AE96CE1CA8EB154D8B63D23ED05788042FB3AA16CA57A9A005EBB3"
"pcb/allegro/stage3/library/s2_coilcraft_xgl5050_pad.pad","5296","56C617F28DD9F1873705F75D5B311EB0D36BA90ACAE9E4B1D648A2B1135758A5"
"pcb/allegro/stage3/library/s2_do214aa_smb_pad.pad","5276","925B87E7388E2D9314A2EBFA12E10281A4E6A261ECC37B01528F301477E163EE"
"pcb/allegro/stage3/library/s2_harwin_s1751_46r_pad.pad","5276","2E5960D04216A58A37D32763E9C26FFBC866921B984CD3D3FAF2A0F8C58D7719"
"pcb/allegro/stage3/library/s2_hdr_thru_pad.pad","5668","9DF0DFE5BC9DA418773D1DED59B33971428B8B0580604A2C52EE7D7E53AB410C"
"pcb/allegro/stage3/library/s2_led_0603_1608m_pad.pad","5284","D9D60308D86098A107944EC018421CBFB08C2D27872BA42D3DC8EA49F222575D"
"pcb/allegro/stage3/library/s2_m2_contact_pad.pad","5272","9648649958E1C29D1D8E6FE73FE2FA9F7720841EB7A8B9FD5B705199F58C3924"
"pcb/allegro/stage3/library/s2_m2_contact_pad_reva.pad","5288","CD39E635A60738B1A7160B4E458F6083FB35F529C00C0A487BC905A7B32C4BE2"
"pcb/allegro/stage3/library/s2_m2_hold_pad.pad","5264","16D271553D264840C414ED959F36646B8DDEF6DB3AC89119660896DEFCA0B692"
"pcb/allegro/stage3/library/s2_m2_hold_pad_reva.pad","5280","81C22A7361C8F57EF44ADF7D85C16065358A7234603E1912A816505CD45E1FB3"
"pcb/allegro/stage3/library/s2_murata_blm21_0805_pad.pad","5292","F4B350D17FD04CCD17320C53E02AD141AB6C5FE4BE6A40789D91993F59FD0D0A"
"pcb/allegro/stage3/library/s2_pcie_finger_bottom.pad","5276","2EE88195F643D7D84A1EE3048D4F69EF19470A46FDA5DE4DD095F03F000B48D0"
"pcb/allegro/stage3/library/s2_pcie_finger_top.pad","5276","5D2B1DFB2E4B155C79C063E039CA06CC3BC03D5E51B401249DA6A6F3FCAB7487"
"pcb/allegro/stage3/library/s2_r_0603_1608m_pad.pad","5272","237D71D2A9AA4EA68E9F7B7B6CA7AD9A6FB3AD9C6C3F396DEF79C84BE5E3A683"
"pcb/allegro/stage3/library/s2_sot23_standard_pad.pad","5284","669F3E9001270F623E8DC4C06435903E2542E7D58402B0ED6FF2FB2ED4EC079D"
"pcb/allegro/stage3/library/s2_ti_d8_soic_pad.pad","5272","D38CE6B3A7E7F9B9989C0AF8A3D43FB1123134D0C8C1C36C1338F2E32402CA13"
"pcb/allegro/stage3/library/s2_ti_dgs10_vssop_pad.pad","5284","F84F6E761AEA1233FBC796F61848B6D26B34DBB4DEC10F0E4A8DF6CF03858C41"
"pcb/allegro/stage3/library/s2_ti_rpw10_2p0x2p0_pad.pad","5284","164136B776B1FCF50F423E12D51E3CA4B0561A4A2615E8DBE977B64F8DD3694C"
"pcb/allegro/stage3/library/s2_ti_rpy14_2p5x3p0_pad.pad","5284","FA54208D3E4FF6FBE49E0625C9D827CAA2C652B8B2D0FC89AD6F4BBB1D68035B"
"pcb/allegro/stage3/library/s2_vishay_wsk2512_4t_pad.pad","5292","80416810D0F8BE5E9FFE75B99E0DCFCFEAEE34B78BD8A4975E9B23B374073518"
"pcb/allegro/stage3/library/s2_wsk2512_current_pad_reva.pad","5300","1341F97A7CDB842C760F387762E6FBFBCE7095ABA90099A0FF6770AE7B300C1C"
"pcb/allegro/stage3/library/s2_wsk2512_sense_pad_reva.pad","5296","96C683DBC45EFE737FEF2D9AFAC0D5B3B5C5F3E701250C03609A90454350A632"
"pcb/allegro/stage3/library/s3_adi_cp8_ep_revb.pad","5264","79E895D2B35BA44BABB0754FAF7C811F24F36366D327DA8D866B4BB1F504BDB2"
"pcb/allegro/stage3/library/s3_adi_cp8_io_pad_revb.pad","5284","312DBC7A244CFB0E97D36A80FC89E6D83121E3A177AD5EC7441FB472EC98706D"
"pcb/allegro/stage3/library/s3_m2_contact_pad_revb.pad","5288","ADD87440B1721F24F6751DAD482788E98FB4DB22103AD515A90998CB03B9579A"
"pcb/allegro/stage3/library/s3_wsk2512_force_pad_revb.pad","5292","6D215F65B7954969DAE124C528B7A46D8C998891EDF838BC4BAA7D1D17599ADE"
"pcb/allegro/stage3/library/s3_wsk2512_sense_pad_revb.pad","5296","FFA3D645061090DFE79CAEC28BEC57D48C05D41B978CC97AB2D975CD73995CC0"
"pcb/allegro/stage3/library/sot23_standard.psm","17888","7B45FB6FCCDABDED20E16A3627B4D6BD8F24EC51EBC5ABB646788F674207ACC1"
"pcb/allegro/stage3/library/stepFacetFiles4Map/adi_cp_8_10.xml","45707","494677E7D76E700B3B98EF59E81A012352230D5B0562F6638E46DF1A95F99355"
"pcb/allegro/stage3/library/stepFacetFiles4Map/amphenol_mdt420m01501_vendor-c3d-rev-unstated_2026-07-24.xml","7403088","3E8B8721E2720208B41C06BE6497E9BAEAAD1FAEE70A63E719956388FCBBC2F3"
"pcb/allegro/stage3/library/stepFacetFiles4Map/c_0402_1005m.xml","42624","59A76F74D17F9E1CD8E005723D6382FC0D1EC4DD8C7BCDEB7E41F07DF28044F4"
"pcb/allegro/stage3/library/stepFacetFiles4Map/c_0603_1608m.xml","45022","B3ACA7991BB905936C1893723DB7BE89F1686AB2310DC350A4D15837AB5010B2"
"pcb/allegro/stage3/library/stepFacetFiles4Map/c_0603_1608m_reserved.xml","45031","C29AF1D9F3AC69914515907985B933657490BB263EE50369B26A9F7A7F62B2F8"
"pcb/allegro/stage3/library/stepFacetFiles4Map/c_1210_3225m.xml","42851","10D19FEDE215CD7867CA236AD082F1649F1A56531E4904CB1540A291E1FA293C"
"pcb/allegro/stage3/library/stepFacetFiles4Map/coilcraft_xgl5050.xml","29101","731F23D0EDFB1888CABD1886F66A9808785594D248CB2DC5A0DDF722E3E22CF4"
"pcb/allegro/stage3/library/stepFacetFiles4Map/do214aa_smb.xml","59958","81C760CE3BBA5A77867B2CE5BF805197F1733B615382F12BC2AFAD3D4308F6A4"
"pcb/allegro/stage3/library/stepFacetFiles4Map/harwin_s1751_46r.xml","63095","2EDB58732A0E33901DDF6F9D9A616011D128AEEEA2555D1FDC575BE1DBBB54B8"
"pcb/allegro/stage3/library/stepFacetFiles4Map/hdr_1x4_2p54_ra.xml","71802","0FEF86FA268657E1D8CEFD42146E291C1E53FB67F624FC01961C3B0776426C17"
"pcb/allegro/stage3/library/stepFacetFiles4Map/led_0603_1608m.xml","45030","CCC70671FA153AB71DA7A3CE168F8F8BA1F41ECC04BEAC4FA75675940D0D87EE"
"pcb/allegro/stage3/library/stepFacetFiles4Map/low_profile_pcie_bracket_engineering.xml","41762","61E30A00350FB1FB83FE1E4EA3F3CBE59DCD0DD72EEF34BE51FA5C00B543E0E0"
"pcb/allegro/stage3/library/stepFacetFiles4Map/m2_2280_standoff_engineering.xml","93673","EFBF453965E313F32789C33F5A1362684A7718BB9CC6820BB17B72B001BCB1A5"
"pcb/allegro/stage3/library/stepFacetFiles4Map/murata_blm21_0805.xml","43826","DEA2BA17441FA061780CD3B9201CA3F776A354F896642C6658D42B983E992B2A"
"pcb/allegro/stage3/library/stepFacetFiles4Map/pcie_gen3_x4_nvme_adapter_reva_revj_final_preliminary.xml","24316624","4FC18A6CCE32EF236B472F5E330DF1719381DFB7816A096D344C521A20FB90A1"
"pcb/allegro/stage3/library/stepFacetFiles4Map/pcie_gen3_x4_nvme_adapter_reva_revk_final_preliminary.xml","24413157","861DCA2AEFE67A8B5FE4571EB96D5CEC05ED5829CBCFC1D96D6365A60923A713"
"pcb/allegro/stage3/library/stepFacetFiles4Map/r_0603_1608m.xml","45029","7A68435DC8AA42771CA06D1D40E1B63A135750181FF31E00C014C1535E49D32C"
"pcb/allegro/stage3/library/stepFacetFiles4Map/sot23_standard.xml","46622","FA2D57857603EAFF9689EBA40C66AC61BBBD9084B6CFF1D4CF1C32B5C81B8E86"
"pcb/allegro/stage3/library/stepFacetFiles4Map/ti_d8_soic.xml","163114","094D0AF78504F085E2BF03347513CD4436DD11B793D98C6CBCAD42837D301267"
"pcb/allegro/stage3/library/stepFacetFiles4Map/ti_dgs10_vssop.xml","194249","ED0689C0C379B0C6054394E95E4B790708D82AC4EEBCCC2DD4C9D909CACB421C"
"pcb/allegro/stage3/library/stepFacetFiles4Map/ti_rpw10_2p0x2p0.xml","45712","307C20304A9C7F7EE3D18B973B96CABC627A3CCD3C698501C141C6361BA42475"
"pcb/allegro/stage3/library/stepFacetFiles4Map/ti_rpy14_2p5x3p0.xml","46052","F16A344F58C6E2A3CF3FADF806ABD7CF28BE9ED4DA307F84D30264E749D82297"
"pcb/allegro/stage3/library/stepFacetFiles4Map/vishay_wsk2512_0p005_to_0p2_vendor_30323_2026-07-25.xml","83714","9A404A3A895B0A0640B3D72C2AC59413A7C0AF11DAD23445F87CB80170B3D434"
"pcb/allegro/stage3/library/stepFacetFiles4Map/wd_black_sn750_1tb_wds100t3x0c_engineering.xml","354985","7C931B9687A67E82E29624C14CA6545FD2A5E713EA18925A7A2873DE57247469"
"pcb/allegro/stage3/library/ti_d8_soic.psm","19664","6BF1ABCE0C976D74FB099A4BF4775811F0425EF3CDC2A4D43F7BD795CC08782E"
"pcb/allegro/stage3/library/ti_dgs10_vssop.psm","20616","C67E9F5762693D82462525588B77B8CBE2DCF4EE9951D7EF058D58E650E330AB"
"pcb/allegro/stage3/library/ti_rpw10_2p0x2p0.psm","20972","11B70C535D37C7E03A3A84531FC4784F7F28CF12EB9EFBDC4E1BF94B207748D8"
"pcb/allegro/stage3/library/ti_rpy14_2p5x3p0.psm","22496","3C4B1D401CDD1CAE4E9DF205BF01D396463095EBBA96BF7F631187DA819A8453"
"pcb/allegro/stage3/library/VISHAY_WSK2512_4T.dra","215740","524E1783E9D56560F27586F71145BAA199C421B6B94D22B96EDFABFB48F24699"
"pcb/allegro/stage3/library/vishay_wsk2512_4t.psm","20092","FCE11685E9D0D0DACCB44334E82A3E079E4441D24921D22CEC650822197E8408"
"pcb/allegro/stage3/pcie_gen3_x4_nvme_adapter_reva_stage3_route_revk_interview_digital_complete.brd","2083392","C772E9C3CD7A04A2CE3FBD1F5AE659E0935B786B235B17354DB83371BB4FF3EA"
"pcb/allegro/stage3/stage3_close_shape_islands_revk.il","3700","36BF9D11D968C0D0F7E989D7FFE5697739807AF54F69F31F43742836C55F97AC"
"pcb/allegro/stage3/stage3_close_shape_islands_revk.scr","141","A3ACB753710E7D48261C093BA26AF2092F4E0D37E08FEF984706A84486F5DE59"
"pcb/allegro/stage3/stage3_define_final_films_revk.il","2560","9F3311E101DA0FC7696A7F43DB9CDB93D3DB9EE903482CAB469A1A3C3926A7CB"
"pcb/allegro/stage3/stage3_define_final_films_revk.scr","140","0DDAB6284D47F8392B8D768E944920539B71ED436FBAD325A208D3C8F17EF7B2"
"pcb/allegro/stage3/stage3_final_step_roundtrip_reimport_revk.il","2289","2AF7261405C7611175C2986854D1E966A353ABB6558C915F7C27740DF1ABEB00"
"pcb/allegro/stage3/stage3_final_step_roundtrip_reimport_revk.scr","154","3B9305A3CEF25722E70E3F5A8F9A2DFC6747C412F486ACEBDED4413971871C60"
"pcb/allegro/stage3/stage3_revk_closure_audit.txt","1097","B4300C28E8CE3E4161A79546D0ADB7BB510B1E49CBCDFEFC82E63CE16F39345F"
"pcb/allegro/stage3/stage3_revk_native_diffpair_reopen_audit.txt","819","440B241F02397D903A1A54AD4D70BBDB2012690680D5CF0B5DF65ABFB1D12722"
"pcb/allegro/stage3/stage3_revk_shape_island_closure_report.txt","580","9403C6D3481C7FD52E09C486CB242C110E6B30AA401F46EB0E213B9CEE022F00"
"pcb/constraints.csv","9732","75889C06491D842575FA99C477F00079DE218EA8DE9BB3C68EA205ED548C263C"
"pcb/differential_pairs.csv","2286","E858757ECFF7B89304E6F6DEBE08DE73D19F4E1032591E517B0B0D509EF2B613"
"PROJECT_PLAN.md","6223","53A456E40A9362BF5308C7F8C5D99FE2CF9881C124D6F1FC691EF40D7082EFDD"
"pspice/stage3/pw01_recovery_closure_132u_8p2.cir","517","1907978E8E362DDC85C295EA0A8AD40B123875EF0704978193F6A597893F364D"
"pspice/stage3/pw01_recovery_closure_132u_8p2.csd","13131776","EE2C9FC9680C009F1F090CFE0429994B4C2F251E8CFD46A702D7C3F5353F45E8"
"pspice/stage3/pw01_recovery_closure_132u_8p2.dat","0","E3B0C44298FC1C149AFBF4C8996FB92427AE41E4649B934CA495991B7852B855"
"pspice/stage3/pw01_recovery_closure_132u_8p2.mif","16474","A5A5537A1B07281C83AC2085E6EE766BD862246F2F8FAEED4EFC87563D180856"
"pspice/stage3/pw01_recovery_closure_132u_8p2.out","1526","E45E48119EC8C30D093F56FDD382C4FA8477F16146699DE385C29B2107F5AE2B"
"pspice/stage3/pw01_recovery_closure_132u_8p2_console.log","508","8357AE600E1B8C9F2D200F639FFA9D63680917348D8755408C31FF7A9A809DFE"
"pspice/stage3/README.md","421","C59560AD024E9C581B05256FC263B45117F8D2E42A902BCE7C40874520470C88"
"pspice/stage3/recovery_sweep/cout100u_esr2m_cff0p0p/console.log","426","6E23B3255216FF63B83020E90C5980244E1D4CB54992B624CD552E27C1D52F20"
"pspice/stage3/recovery_sweep/cout100u_esr2m_cff0p0p/cout100u_esr2m_cff0p0p.cir","991","3A29FE5A873C2CAE95AFD42A63F8272D545E3C253B957C669CA52E13EDEC9F9C"
"pspice/stage3/recovery_sweep/cout100u_esr2m_cff0p0p/cout100u_esr2m_cff0p0p.csd","958464","24AD2F69359D50225E351DBD156CF2039D20E0230BFCAE773EE08A5834A9667E"
"pspice/stage3/recovery_sweep/cout100u_esr2m_cff0p0p/cout100u_esr2m_cff0p0p.dat","0","E3B0C44298FC1C149AFBF4C8996FB92427AE41E4649B934CA495991B7852B855"
"pspice/stage3/recovery_sweep/cout100u_esr2m_cff0p0p/cout100u_esr2m_cff0p0p.mif","0","E3B0C44298FC1C149AFBF4C8996FB92427AE41E4649B934CA495991B7852B855"
"pspice/stage3/recovery_sweep/cout100u_esr2m_cff0p0p/cout100u_esr2m_cff0p0p.out","1201","AE3F4DB28F5FB330E624A588B72C33FBC10C918C6ACFBDFFC63503995EBC3B57"
"pspice/stage3/recovery_sweep/cout100u_esr2m_cff4p7p/console.log","426","8E15DDD3E81E02F81D9FA3D566C29EFF67AA00696DBCAA3C6009F7CB03F57A4F"
"pspice/stage3/recovery_sweep/cout100u_esr2m_cff4p7p/cout100u_esr2m_cff4p7p.cir","1013","E76F21F14D5DDA6021465F5D85FDC17544FB773C4DFA6A821151237BD15A193A"
"pspice/stage3/recovery_sweep/cout100u_esr2m_cff4p7p/cout100u_esr2m_cff4p7p.csd","925696","58F5146A457FA796C62E383CEFE940E117E897FED5A36D68EBD67CCC1D9454A4"
"pspice/stage3/recovery_sweep/cout100u_esr2m_cff4p7p/cout100u_esr2m_cff4p7p.dat","0","E3B0C44298FC1C149AFBF4C8996FB92427AE41E4649B934CA495991B7852B855"
"pspice/stage3/recovery_sweep/cout100u_esr2m_cff4p7p/cout100u_esr2m_cff4p7p.mif","0","E3B0C44298FC1C149AFBF4C8996FB92427AE41E4649B934CA495991B7852B855"
"pspice/stage3/recovery_sweep/cout100u_esr2m_cff4p7p/cout100u_esr2m_cff4p7p.out","1223","40B9E5EC98ACA3C31EC12DB11CAD2B9219E84A6E00B3A7E636427745E5C9AE98"
"pspice/stage3/recovery_sweep/cout100u_esr2m_cff8p2p/console.log","426","7333F347B15929CD2F1E770D448B2246D17B4DDAF4F1AFD73F14FF9A24327201"
"pspice/stage3/recovery_sweep/cout100u_esr2m_cff8p2p/cout100u_esr2m_cff8p2p.cir","1013","0DE0E19BB296DE0F2CF581630678F94171D7EA6A8798C27D1DAB1B218959F2B6"
"pspice/stage3/recovery_sweep/cout100u_esr2m_cff8p2p/cout100u_esr2m_cff8p2p.csd","925696","7C7BA9007F0B1AFF4CE8179ECBCDC4CFBC9AACEBE5F9B715BB9AC7D827B6AD5B"
"pspice/stage3/recovery_sweep/cout100u_esr2m_cff8p2p/cout100u_esr2m_cff8p2p.dat","0","E3B0C44298FC1C149AFBF4C8996FB92427AE41E4649B934CA495991B7852B855"
"pspice/stage3/recovery_sweep/cout100u_esr2m_cff8p2p/cout100u_esr2m_cff8p2p.mif","0","E3B0C44298FC1C149AFBF4C8996FB92427AE41E4649B934CA495991B7852B855"
"pspice/stage3/recovery_sweep/cout100u_esr2m_cff8p2p/cout100u_esr2m_cff8p2p.out","1223","896EDAD7EFCE6943FCDB55D65BE5695CF510A78599A1B2E9D4252911708A9AF7"
"pspice/stage3/recovery_sweep/cout100u_esr3m_cff0p0p/console.log","426","77F2BA2E76833E66CC5500EFC945B4AF7651868271EAD76FF4B254497CE6A186"
"pspice/stage3/recovery_sweep/cout100u_esr3m_cff0p0p/cout100u_esr3m_cff0p0p.cir","991","71E40F10928F33275964D26E599B2ADEDEEE933F2143D42D27AD038AC86BA1F4"
"pspice/stage3/recovery_sweep/cout100u_esr3m_cff0p0p/cout100u_esr3m_cff0p0p.csd","966656","6D883E1893745F704E7A22A1F81176D0B7110A61FF16EADEED183A8AD62F3EB1"
"pspice/stage3/recovery_sweep/cout100u_esr3m_cff0p0p/cout100u_esr3m_cff0p0p.dat","0","E3B0C44298FC1C149AFBF4C8996FB92427AE41E4649B934CA495991B7852B855"
"pspice/stage3/recovery_sweep/cout100u_esr3m_cff0p0p/cout100u_esr3m_cff0p0p.mif","0","E3B0C44298FC1C149AFBF4C8996FB92427AE41E4649B934CA495991B7852B855"
"pspice/stage3/recovery_sweep/cout100u_esr3m_cff0p0p/cout100u_esr3m_cff0p0p.out","1201","D5E805A28D3F12B1F6987B74CD9A77447C22C4A5A92C81414523E56C4EC56DF9"
"pspice/stage3/recovery_sweep/cout100u_esr3m_cff4p7p/console.log","426","CA5E6E4A8A45CC04AAE7F13E55ED0DE21CD2B39A61903870AB4654FBD6D75E4D"
"pspice/stage3/recovery_sweep/cout100u_esr3m_cff4p7p/cout100u_esr3m_cff4p7p.cir","1013","F61D8B3A4E70944D5DE4E7C57FECAD3305C41CA787AD86CDD458D516B3AC981F"
"pspice/stage3/recovery_sweep/cout100u_esr3m_cff4p7p/cout100u_esr3m_cff4p7p.csd","1064960","D63236B73BD76E85A9705F1B757ADB7584028286E96D803C34C78347049FCE0B"
"pspice/stage3/recovery_sweep/cout100u_esr3m_cff4p7p/cout100u_esr3m_cff4p7p.dat","0","E3B0C44298FC1C149AFBF4C8996FB92427AE41E4649B934CA495991B7852B855"
"pspice/stage3/recovery_sweep/cout100u_esr3m_cff4p7p/cout100u_esr3m_cff4p7p.mif","0","E3B0C44298FC1C149AFBF4C8996FB92427AE41E4649B934CA495991B7852B855"
"pspice/stage3/recovery_sweep/cout100u_esr3m_cff4p7p/cout100u_esr3m_cff4p7p.out","1223","7A9DE6E18E5D498260A5CCB50B62498FB73094428FE853F3DC9AA175C388FDA6"
"pspice/stage3/recovery_sweep/cout100u_esr3m_cff8p2p/console.log","426","B2759239D8F87486277ECC3A23200702E055D3160CBD50EF1C57C716DDA4C1EE"
"pspice/stage3/recovery_sweep/cout100u_esr3m_cff8p2p/cout100u_esr3m_cff8p2p.cir","1013","B5BCAEA3A91BC61774EBC43481989E352B44AA4311B1A247B9FD4E86E5685A1D"
"pspice/stage3/recovery_sweep/cout100u_esr3m_cff8p2p/cout100u_esr3m_cff8p2p.csd","892928","D87E4E67B2E38BDC64F541770EC75A33D018A627385840250285007806520BE1"
"pspice/stage3/recovery_sweep/cout100u_esr3m_cff8p2p/cout100u_esr3m_cff8p2p.dat","0","E3B0C44298FC1C149AFBF4C8996FB92427AE41E4649B934CA495991B7852B855"
"pspice/stage3/recovery_sweep/cout100u_esr3m_cff8p2p/cout100u_esr3m_cff8p2p.mif","0","E3B0C44298FC1C149AFBF4C8996FB92427AE41E4649B934CA495991B7852B855"
"pspice/stage3/recovery_sweep/cout100u_esr3m_cff8p2p/cout100u_esr3m_cff8p2p.out","1223","AF8DC3278458099A95FC442C48A5468C8374D6A17F6F2444D580B22AD40E1AF7"
"pspice/stage3/recovery_sweep/cout100u_esr5m_cff0p0p/console.log","426","6E962BBDF6C5AA5117624362ACECA47F41E92DFE2A83F8A2C40244020114FC62"
"pspice/stage3/recovery_sweep/cout100u_esr5m_cff0p0p/cout100u_esr5m_cff0p0p.cir","991","C7303A7240973719399D40E1DFF468514A51DB58F532CF837068EE4245FAC069"
"pspice/stage3/recovery_sweep/cout100u_esr5m_cff0p0p/cout100u_esr5m_cff0p0p.csd","835584","1255F6865503DF5162241D545EC182320B62CB07C7FAB7A3D45E60DDF707D7F2"
"pspice/stage3/recovery_sweep/cout100u_esr5m_cff0p0p/cout100u_esr5m_cff0p0p.dat","0","E3B0C44298FC1C149AFBF4C8996FB92427AE41E4649B934CA495991B7852B855"
"pspice/stage3/recovery_sweep/cout100u_esr5m_cff0p0p/cout100u_esr5m_cff0p0p.mif","0","E3B0C44298FC1C149AFBF4C8996FB92427AE41E4649B934CA495991B7852B855"
"pspice/stage3/recovery_sweep/cout100u_esr5m_cff0p0p/cout100u_esr5m_cff0p0p.out","1201","66C5DA28A4FB8D317E7909C2EC1322FF74AA898B6495BEC61D2155E608B175B4"
"pspice/stage3/recovery_sweep/cout100u_esr5m_cff4p7p/console.log","426","089BF4AD1C222AEDCC00FE3DDA537C1E414C11C65D207574BF95A0D92A64B4C0"
"pspice/stage3/recovery_sweep/cout100u_esr5m_cff4p7p/cout100u_esr5m_cff4p7p.cir","1013","FA9AE9A29D7EB0381A9D34227FC79B131B884B9932188FB9AFE99A53EE71406C"
"pspice/stage3/recovery_sweep/cout100u_esr5m_cff4p7p/cout100u_esr5m_cff4p7p.csd","909312","1DA7153F423C421A0E7464A47B7E2D73DDA0436C3EF1FCBD849F45925AC838BA"
"pspice/stage3/recovery_sweep/cout100u_esr5m_cff4p7p/cout100u_esr5m_cff4p7p.dat","0","E3B0C44298FC1C149AFBF4C8996FB92427AE41E4649B934CA495991B7852B855"
"pspice/stage3/recovery_sweep/cout100u_esr5m_cff4p7p/cout100u_esr5m_cff4p7p.mif","0","E3B0C44298FC1C149AFBF4C8996FB92427AE41E4649B934CA495991B7852B855"
"pspice/stage3/recovery_sweep/cout100u_esr5m_cff4p7p/cout100u_esr5m_cff4p7p.out","1223","6E07368C8A28C0DB94E16AD66905DDF42772F973860A1C3E509BF91C7D3F33AC"
"pspice/stage3/recovery_sweep/cout100u_esr5m_cff8p2p/console.log","426","3869FC1B4404607D5039336F691FAE3D29F585153530D0FCDDCE1B55BB207F50"
"pspice/stage3/recovery_sweep/cout100u_esr5m_cff8p2p/cout100u_esr5m_cff8p2p.cir","1013","D254C41A10523C9373375E0BE616AC6B4C6E6753E4760839A3ECF1394ADF1A4B"
"pspice/stage3/recovery_sweep/cout100u_esr5m_cff8p2p/cout100u_esr5m_cff8p2p.csd","892928","B8AC1347296D2BAB4749FFF4D6865140427F5337ED824A982076EBA08D99DC40"
"pspice/stage3/recovery_sweep/cout100u_esr5m_cff8p2p/cout100u_esr5m_cff8p2p.dat","0","E3B0C44298FC1C149AFBF4C8996FB92427AE41E4649B934CA495991B7852B855"
"pspice/stage3/recovery_sweep/cout100u_esr5m_cff8p2p/cout100u_esr5m_cff8p2p.mif","0","E3B0C44298FC1C149AFBF4C8996FB92427AE41E4649B934CA495991B7852B855"
"pspice/stage3/recovery_sweep/cout100u_esr5m_cff8p2p/cout100u_esr5m_cff8p2p.out","1223","E21491BE026AF0836A0A0C1675B8990B913964CB92BD3C01E8B3E4E97B2323AD"
"pspice/stage3/recovery_sweep/cout132u_esr2m_cff0p0p/console.log","426","D2258EF3F670354C86FAA28341514A578DEDED74BC0CD26208F3D9611D88EAB8"
"pspice/stage3/recovery_sweep/cout132u_esr2m_cff0p0p/cout132u_esr2m_cff0p0p.cir","991","188E74191DFD933EC8BC99DD25667CA104C2E9CD9D64AC28522CCA1DC8C89975"
"pspice/stage3/recovery_sweep/cout132u_esr2m_cff0p0p/cout132u_esr2m_cff0p0p.csd","835584","22DFD10D252134F5F724C9A5156C5E8988B7260E25120C0BB0BF7B06CCD9D12E"
"pspice/stage3/recovery_sweep/cout132u_esr2m_cff0p0p/cout132u_esr2m_cff0p0p.dat","0","E3B0C44298FC1C149AFBF4C8996FB92427AE41E4649B934CA495991B7852B855"
"pspice/stage3/recovery_sweep/cout132u_esr2m_cff0p0p/cout132u_esr2m_cff0p0p.mif","0","E3B0C44298FC1C149AFBF4C8996FB92427AE41E4649B934CA495991B7852B855"
"pspice/stage3/recovery_sweep/cout132u_esr2m_cff0p0p/cout132u_esr2m_cff0p0p.out","1201","C9C372E879FA7FEA8CBA7BE63447AABF962A3C0CC17740B2E9FF45BFC2533C38"
"pspice/stage3/recovery_sweep/cout132u_esr2m_cff4p7p/console.log","426","891B451C63426055AAD61A810EDF9CA35511B06063A82EC80353A3328DDEC95F"
"pspice/stage3/recovery_sweep/cout132u_esr2m_cff4p7p/cout132u_esr2m_cff4p7p.cir","1013","AAC80CD37FD94841CB4D38952A14E216BA1E3ABA5FBE69BB9EE032803AA19A63"
"pspice/stage3/recovery_sweep/cout132u_esr2m_cff4p7p/cout132u_esr2m_cff4p7p.csd","811008","0DA7F93B54EF7C7AA7B75CEE418E0A53992AB96CE617A8FC3E0A12B8BAAE2CF5"
"pspice/stage3/recovery_sweep/cout132u_esr2m_cff4p7p/cout132u_esr2m_cff4p7p.dat","0","E3B0C44298FC1C149AFBF4C8996FB92427AE41E4649B934CA495991B7852B855"
"pspice/stage3/recovery_sweep/cout132u_esr2m_cff4p7p/cout132u_esr2m_cff4p7p.mif","0","E3B0C44298FC1C149AFBF4C8996FB92427AE41E4649B934CA495991B7852B855"
"pspice/stage3/recovery_sweep/cout132u_esr2m_cff4p7p/cout132u_esr2m_cff4p7p.out","1223","2AA7988F8035E0CED80051A5885DD3F8B53C062598DAE490BD167F35015BB2ED"
"pspice/stage3/recovery_sweep/cout132u_esr2m_cff8p2p/console.log","426","3A008797AEA0F88821E43FBB94D9FB19A3B1A96C765A5D2039BB3E90EAE5EC76"
"pspice/stage3/recovery_sweep/cout132u_esr2m_cff8p2p/cout132u_esr2m_cff8p2p.cir","1013","6BDFA09DFFC053DB2D20DD783A6F7B4267A4B816AF417AADF5A02B83227D570D"
"pspice/stage3/recovery_sweep/cout132u_esr2m_cff8p2p/cout132u_esr2m_cff8p2p.csd","884736","354799ED6099797B0131798ED5C852ACD84F42B8D8A843243F94577589A14849"
"pspice/stage3/recovery_sweep/cout132u_esr2m_cff8p2p/cout132u_esr2m_cff8p2p.dat","0","E3B0C44298FC1C149AFBF4C8996FB92427AE41E4649B934CA495991B7852B855"
"pspice/stage3/recovery_sweep/cout132u_esr2m_cff8p2p/cout132u_esr2m_cff8p2p.mif","0","E3B0C44298FC1C149AFBF4C8996FB92427AE41E4649B934CA495991B7852B855"
"pspice/stage3/recovery_sweep/cout132u_esr2m_cff8p2p/cout132u_esr2m_cff8p2p.out","1223","961EBF28BFDC88A86574EF8E0AE2231A89DA1B50E814250FE7BB4C3C987D2480"
"pspice/stage3/recovery_sweep/cout132u_esr3m_cff0p0p/console.log","426","BB64590657F6974CBCF2570C2EC8BB6F65988ECF5B82446F06868BEA9786E854"
"pspice/stage3/recovery_sweep/cout132u_esr3m_cff0p0p/cout132u_esr3m_cff0p0p.cir","991","800FB8543260FBBE3C270DD3F6675516C1F54D814BC7E0D4208F532CFEF57E54"
"pspice/stage3/recovery_sweep/cout132u_esr3m_cff0p0p/cout132u_esr3m_cff0p0p.csd","868352","CA52DB2F14B6DEA631339BADC112F9886B19E9A7573638CE7C055BEE4218CBF7"
"pspice/stage3/recovery_sweep/cout132u_esr3m_cff0p0p/cout132u_esr3m_cff0p0p.dat","0","E3B0C44298FC1C149AFBF4C8996FB92427AE41E4649B934CA495991B7852B855"
"pspice/stage3/recovery_sweep/cout132u_esr3m_cff0p0p/cout132u_esr3m_cff0p0p.mif","0","E3B0C44298FC1C149AFBF4C8996FB92427AE41E4649B934CA495991B7852B855"
"pspice/stage3/recovery_sweep/cout132u_esr3m_cff0p0p/cout132u_esr3m_cff0p0p.out","1201","D8D2427E3AEDD972607DEBC3643F6A99EF38678F01492CD6872D5B24B9135FFB"
"pspice/stage3/recovery_sweep/cout132u_esr3m_cff4p7p/console.log","426","10B5E88BA351F85A1E3C73D7A5342CF674741648F906BFE9D5FD658575F7162F"
"pspice/stage3/recovery_sweep/cout132u_esr3m_cff4p7p/cout132u_esr3m_cff4p7p.cir","1013","168EF51A1479939BFE0A253278917086A3A3E4041CC5105C00086BB4472631D9"
"pspice/stage3/recovery_sweep/cout132u_esr3m_cff4p7p/cout132u_esr3m_cff4p7p.csd","827392","15549DD426FD45AE18F666F6C6B856DFBF781E0FE87FE356C63A5A26FFF7EA1C"
"pspice/stage3/recovery_sweep/cout132u_esr3m_cff4p7p/cout132u_esr3m_cff4p7p.dat","0","E3B0C44298FC1C149AFBF4C8996FB92427AE41E4649B934CA495991B7852B855"
"pspice/stage3/recovery_sweep/cout132u_esr3m_cff4p7p/cout132u_esr3m_cff4p7p.mif","0","E3B0C44298FC1C149AFBF4C8996FB92427AE41E4649B934CA495991B7852B855"
"pspice/stage3/recovery_sweep/cout132u_esr3m_cff4p7p/cout132u_esr3m_cff4p7p.out","1223","0BC1C089A351864E3977DCEA312078C7D9A9EC17D09595B65357A3EC6D7D7AEC"
"pspice/stage3/recovery_sweep/cout132u_esr3m_cff8p2p/console.log","426","0CFB94177DFF6A58FACE9E5B641A077104D4F17D80EFDB443AFDD4F33B68E4E4"
"pspice/stage3/recovery_sweep/cout132u_esr3m_cff8p2p/cout132u_esr3m_cff8p2p.cir","1013","C7ACE92260C9F274CFF8FB18C6348D972FADFF1E57405F714D55329A23B2DC7F"
"pspice/stage3/recovery_sweep/cout132u_esr3m_cff8p2p/cout132u_esr3m_cff8p2p.csd","638976","EEC5C788DFF9B55119CF70C5BE2787A954F1079443F161DC416325F8193F5EAC"
"pspice/stage3/recovery_sweep/cout132u_esr3m_cff8p2p/cout132u_esr3m_cff8p2p.dat","0","E3B0C44298FC1C149AFBF4C8996FB92427AE41E4649B934CA495991B7852B855"
"pspice/stage3/recovery_sweep/cout132u_esr3m_cff8p2p/cout132u_esr3m_cff8p2p.mif","0","E3B0C44298FC1C149AFBF4C8996FB92427AE41E4649B934CA495991B7852B855"
"pspice/stage3/recovery_sweep/cout132u_esr3m_cff8p2p/cout132u_esr3m_cff8p2p.out","1223","2702FCE079DA6EA7B3D148C1DAB1BF363A7188F74DD4FA7895BA51CE03B846D1"
"pspice/stage3/recovery_sweep/cout132u_esr5m_cff0p0p/console.log","426","9D802D84902383CC9556078CAF7C200CCAF6B21EBA416FA8A2AB9AF870FCD449"
"pspice/stage3/recovery_sweep/cout132u_esr5m_cff0p0p/cout132u_esr5m_cff0p0p.cir","991","8B93845833D2B5F760C6087955BBC2A1635920E6EBD10168DABBA877878DCE5B"
"pspice/stage3/recovery_sweep/cout132u_esr5m_cff0p0p/cout132u_esr5m_cff0p0p.csd","581632","6F871D3B5A1863B0970C5BF5B3F4D10B2F234316239A160E5197F033843FE761"
"pspice/stage3/recovery_sweep/cout132u_esr5m_cff0p0p/cout132u_esr5m_cff0p0p.dat","0","E3B0C44298FC1C149AFBF4C8996FB92427AE41E4649B934CA495991B7852B855"
"pspice/stage3/recovery_sweep/cout132u_esr5m_cff0p0p/cout132u_esr5m_cff0p0p.mif","0","E3B0C44298FC1C149AFBF4C8996FB92427AE41E4649B934CA495991B7852B855"
"pspice/stage3/recovery_sweep/cout132u_esr5m_cff0p0p/cout132u_esr5m_cff0p0p.out","1201","4848FDE3F274C0D31FE3ED39F5C1FEB48AF0968C1D2D876513C2531AB66DCA42"
"pspice/stage3/recovery_sweep/cout132u_esr5m_cff4p7p/console.log","426","A0D7A7FB3081012D188D03C1059012B1B4F345410938F581D1829145483D22B5"
"pspice/stage3/recovery_sweep/cout132u_esr5m_cff4p7p/cout132u_esr5m_cff4p7p.cir","1013","A1FA5120A8E5827F3E262B42A410231BC83A9F46D3F3CC3022149AB0A15F0815"
"pspice/stage3/recovery_sweep/cout132u_esr5m_cff4p7p/cout132u_esr5m_cff4p7p.csd","581632","DC4C3A053624F3C530827DA70639867EB0D9C7D62E69382B8A06827DACB7AD73"
"pspice/stage3/recovery_sweep/cout132u_esr5m_cff4p7p/cout132u_esr5m_cff4p7p.dat","0","E3B0C44298FC1C149AFBF4C8996FB92427AE41E4649B934CA495991B7852B855"
"pspice/stage3/recovery_sweep/cout132u_esr5m_cff4p7p/cout132u_esr5m_cff4p7p.mif","0","E3B0C44298FC1C149AFBF4C8996FB92427AE41E4649B934CA495991B7852B855"
"pspice/stage3/recovery_sweep/cout132u_esr5m_cff4p7p/cout132u_esr5m_cff4p7p.out","1223","251D24AB5386FC1FE7C3EBCD0CA5B443DA9B6E75828B75367DCD5330AF453BF7"
"pspice/stage3/recovery_sweep/cout132u_esr5m_cff8p2p/console.log","426","0963F57D584DC5FE4780572EAAE8936476EBFB6391019875E1BC957B4DCCCCD6"
"pspice/stage3/recovery_sweep/cout132u_esr5m_cff8p2p/cout132u_esr5m_cff8p2p.cir","1013","34DE7D54FD9F296EE58B595C934930905C6C0CE9A341CFDD4E6E066670B310CF"
"pspice/stage3/recovery_sweep/cout132u_esr5m_cff8p2p/cout132u_esr5m_cff8p2p.csd","475136","3A69B1AAFF7A30D583A6A2FB1D33136B7F5D6A215ACDF11DFD53AC403A9E50E3"
"pspice/stage3/recovery_sweep/cout132u_esr5m_cff8p2p/cout132u_esr5m_cff8p2p.dat","0","E3B0C44298FC1C149AFBF4C8996FB92427AE41E4649B934CA495991B7852B855"
"pspice/stage3/recovery_sweep/cout132u_esr5m_cff8p2p/cout132u_esr5m_cff8p2p.mif","0","E3B0C44298FC1C149AFBF4C8996FB92427AE41E4649B934CA495991B7852B855"
"pspice/stage3/recovery_sweep/cout132u_esr5m_cff8p2p/cout132u_esr5m_cff8p2p.out","1223","824E81156D805DAA1420979CA4950368F8B8C485DD702FCCB3BA9EF553C24FE6"
"pspice/stage3/recovery_sweep/cout176u_esr2m_cff0p0p/console.log","426","CDB615CBE803A24963B535CD418D11C70D5A8FA81816FD0F7FCCD87295837681"
"pspice/stage3/recovery_sweep/cout176u_esr2m_cff0p0p/cout176u_esr2m_cff0p0p.cir","991","9CE936E2C3635E066F36ECDF7E962FD0D320CF7120A0806DE494C5ABABB2D505"
"pspice/stage3/recovery_sweep/cout176u_esr2m_cff0p0p/cout176u_esr2m_cff0p0p.csd","507904","5EDEBF6D100BC9735113314075B430059327E2C5ED3448AE054998608F21E9A0"
"pspice/stage3/recovery_sweep/cout176u_esr2m_cff0p0p/cout176u_esr2m_cff0p0p.dat","0","E3B0C44298FC1C149AFBF4C8996FB92427AE41E4649B934CA495991B7852B855"
"pspice/stage3/recovery_sweep/cout176u_esr2m_cff0p0p/cout176u_esr2m_cff0p0p.mif","0","E3B0C44298FC1C149AFBF4C8996FB92427AE41E4649B934CA495991B7852B855"
"pspice/stage3/recovery_sweep/cout176u_esr2m_cff0p0p/cout176u_esr2m_cff0p0p.out","1201","65BE0A39BDE33FB6AD6CB1C073C4FC8D905587E10D2010A6F2835C084C6A8047"
"pspice/stage3/recovery_sweep/cout176u_esr2m_cff4p7p/console.log","426","196D43FF074EAFE47D53AE32A8E8BAFE62D8B8029F052202450B9F1D7FC342AF"
"pspice/stage3/recovery_sweep/cout176u_esr2m_cff4p7p/cout176u_esr2m_cff4p7p.cir","1013","729CD375F63DB82D6DA6EAF1C6F3E0904A99C37CDF274B151CFC9FE8FC32C49A"
"pspice/stage3/recovery_sweep/cout176u_esr2m_cff4p7p/cout176u_esr2m_cff4p7p.csd","663552","926B5BEFDA0046EB3543B679B47E3F661C20FEF1D45D0321C82F4B9B5921DBC5"
"pspice/stage3/recovery_sweep/cout176u_esr2m_cff4p7p/cout176u_esr2m_cff4p7p.dat","0","E3B0C44298FC1C149AFBF4C8996FB92427AE41E4649B934CA495991B7852B855"
"pspice/stage3/recovery_sweep/cout176u_esr2m_cff4p7p/cout176u_esr2m_cff4p7p.mif","0","E3B0C44298FC1C149AFBF4C8996FB92427AE41E4649B934CA495991B7852B855"
"pspice/stage3/recovery_sweep/cout176u_esr2m_cff4p7p/cout176u_esr2m_cff4p7p.out","1223","8D30FA0E42D23C2B58ABDA33AA036FB0EE7EE76C70FDADB518476F0626737077"
"pspice/stage3/recovery_sweep/cout176u_esr2m_cff8p2p/console.log","426","5398ADD132ACC8BE5E86D2B9328CD38370BC92680308F232B9E0EFB86BAC8F77"
"pspice/stage3/recovery_sweep/cout176u_esr2m_cff8p2p/cout176u_esr2m_cff8p2p.cir","1013","32242DBC0A50CF69460EE6B5E7ABA54396ED09FAA12DE404C0175AA0F2FACD8A"
"pspice/stage3/recovery_sweep/cout176u_esr2m_cff8p2p/cout176u_esr2m_cff8p2p.csd","516096","1BFD3B6F2499B855238013B36497707F769DD42BFF469F0C24BFEE62CD23FFCB"
"pspice/stage3/recovery_sweep/cout176u_esr2m_cff8p2p/cout176u_esr2m_cff8p2p.dat","0","E3B0C44298FC1C149AFBF4C8996FB92427AE41E4649B934CA495991B7852B855"
"pspice/stage3/recovery_sweep/cout176u_esr2m_cff8p2p/cout176u_esr2m_cff8p2p.mif","0","E3B0C44298FC1C149AFBF4C8996FB92427AE41E4649B934CA495991B7852B855"
"pspice/stage3/recovery_sweep/cout176u_esr2m_cff8p2p/cout176u_esr2m_cff8p2p.out","1223","AA5E912D97DDD772359E9CB09260EF471EB0352F9AC172606EE063138E73FF69"
"pspice/stage3/recovery_sweep/cout176u_esr3m_cff0p0p/console.log","426","BB5B57ACB4647CE79A288EC2F8CB1D5F1574765EDB64DFCCDD0EB8AA59215E33"
"pspice/stage3/recovery_sweep/cout176u_esr3m_cff0p0p/cout176u_esr3m_cff0p0p.cir","991","0A4D496257033F64A36871190A8E1817AD83D9496DCDF2C06FDC0BA65840CDC9"
"pspice/stage3/recovery_sweep/cout176u_esr3m_cff0p0p/cout176u_esr3m_cff0p0p.csd","557056","07CF941D12249BD0594C3B6D351C2B1B71CC8DE74DDA333D041989ABD1364F39"
"pspice/stage3/recovery_sweep/cout176u_esr3m_cff0p0p/cout176u_esr3m_cff0p0p.dat","0","E3B0C44298FC1C149AFBF4C8996FB92427AE41E4649B934CA495991B7852B855"
"pspice/stage3/recovery_sweep/cout176u_esr3m_cff0p0p/cout176u_esr3m_cff0p0p.mif","0","E3B0C44298FC1C149AFBF4C8996FB92427AE41E4649B934CA495991B7852B855"
"pspice/stage3/recovery_sweep/cout176u_esr3m_cff0p0p/cout176u_esr3m_cff0p0p.out","1201","EA4855D30474B9AA40CD1674F68A96DAD1F28523DBACCBCA0323BE0EE79A918E"
"pspice/stage3/recovery_sweep/cout176u_esr3m_cff4p7p/console.log","426","834233D66592260E346F125CA3FF7BE079D6DFC6A47A7BAF03B07BB4861894F5"
"pspice/stage3/recovery_sweep/cout176u_esr3m_cff4p7p/cout176u_esr3m_cff4p7p.cir","1013","D86BB850DBD30F0E62FCFD845BAE57BBBE0AF51E17BA8920568542720AF17FF0"
"pspice/stage3/recovery_sweep/cout176u_esr3m_cff4p7p/cout176u_esr3m_cff4p7p.csd","516096","FDEC8F12E775C987C4961983C783D4F048D678653690F68C3D282D757CD3B349"
"pspice/stage3/recovery_sweep/cout176u_esr3m_cff4p7p/cout176u_esr3m_cff4p7p.dat","0","E3B0C44298FC1C149AFBF4C8996FB92427AE41E4649B934CA495991B7852B855"
"pspice/stage3/recovery_sweep/cout176u_esr3m_cff4p7p/cout176u_esr3m_cff4p7p.mif","0","E3B0C44298FC1C149AFBF4C8996FB92427AE41E4649B934CA495991B7852B855"
"pspice/stage3/recovery_sweep/cout176u_esr3m_cff4p7p/cout176u_esr3m_cff4p7p.out","1223","23575CAA6FB53ED7F92D8B42588233D439981EFBC95215D5893F6E88A48DF624"
"pspice/stage3/recovery_sweep/cout176u_esr3m_cff8p2p/console.log","426","2E3F7B7C9A33D78B0D614298FB24F0788A1FB053F22FA1CB6C386573E3CFE108"
"pspice/stage3/recovery_sweep/cout176u_esr3m_cff8p2p/cout176u_esr3m_cff8p2p.cir","1013","B219464A15B94F5E4DE3CED4F6335F0BE56B20D64D609AC512A8ECE4C3348DA8"
"pspice/stage3/recovery_sweep/cout176u_esr3m_cff8p2p/cout176u_esr3m_cff8p2p.csd","491520","FF41DC2973FD161E03332E2560C52F7DA711962FE2E1487FF9508703080442AC"
"pspice/stage3/recovery_sweep/cout176u_esr3m_cff8p2p/cout176u_esr3m_cff8p2p.dat","0","E3B0C44298FC1C149AFBF4C8996FB92427AE41E4649B934CA495991B7852B855"
"pspice/stage3/recovery_sweep/cout176u_esr3m_cff8p2p/cout176u_esr3m_cff8p2p.mif","0","E3B0C44298FC1C149AFBF4C8996FB92427AE41E4649B934CA495991B7852B855"
"pspice/stage3/recovery_sweep/cout176u_esr3m_cff8p2p/cout176u_esr3m_cff8p2p.out","1223","748166835DDD7FDC9F7D542BC20C24F9D7B372CE81F82C7360BEB3C5B73EA379"
"pspice/stage3/recovery_sweep/cout176u_esr5m_cff0p0p/console.log","426","8506AC7E95815E5C6FAF92E9602C795A8D3BFCC2E0E069B04C6B4066D962553B"
"pspice/stage3/recovery_sweep/cout176u_esr5m_cff0p0p/cout176u_esr5m_cff0p0p.cir","991","E91950587D229C0AD1D52BF74BA428D97B98D27043C6B96146357E4E5EB9596D"
"pspice/stage3/recovery_sweep/cout176u_esr5m_cff0p0p/cout176u_esr5m_cff0p0p.csd","507904","F31504836F99E60CFB7B34DCD1FA311B76E074BFCEFF9500F5C5290BA63F6A05"
"pspice/stage3/recovery_sweep/cout176u_esr5m_cff0p0p/cout176u_esr5m_cff0p0p.dat","0","E3B0C44298FC1C149AFBF4C8996FB92427AE41E4649B934CA495991B7852B855"
"pspice/stage3/recovery_sweep/cout176u_esr5m_cff0p0p/cout176u_esr5m_cff0p0p.mif","0","E3B0C44298FC1C149AFBF4C8996FB92427AE41E4649B934CA495991B7852B855"
"pspice/stage3/recovery_sweep/cout176u_esr5m_cff0p0p/cout176u_esr5m_cff0p0p.out","1201","B37C43C8C13AD71A8C1CB8124DA7BA7FDDE5E0FA248ED295E5203C3A922CF03D"
"pspice/stage3/recovery_sweep/cout176u_esr5m_cff4p7p/console.log","426","B2BB225F22FC0ADA552709889B3F5F80227F41E48B4A6D1703B9D48CF024AD0B"
"pspice/stage3/recovery_sweep/cout176u_esr5m_cff4p7p/cout176u_esr5m_cff4p7p.cir","1013","772D3F4F637D8E1FEEA276531A4F751D6C9B379B6CDF35C2853C0DF197DFA827"
"pspice/stage3/recovery_sweep/cout176u_esr5m_cff4p7p/cout176u_esr5m_cff4p7p.csd","524288","86911153FF4A04136FEEA435C0576DC20712B3F7970B845ECC4D8AD34C4C81BA"
"pspice/stage3/recovery_sweep/cout176u_esr5m_cff4p7p/cout176u_esr5m_cff4p7p.dat","0","E3B0C44298FC1C149AFBF4C8996FB92427AE41E4649B934CA495991B7852B855"
"pspice/stage3/recovery_sweep/cout176u_esr5m_cff4p7p/cout176u_esr5m_cff4p7p.mif","0","E3B0C44298FC1C149AFBF4C8996FB92427AE41E4649B934CA495991B7852B855"
"pspice/stage3/recovery_sweep/cout176u_esr5m_cff4p7p/cout176u_esr5m_cff4p7p.out","1223","288875E29E50B77F86F943C2032E1AA9E6AA51897F95DCF40E9B9269E8B10C2D"
"pspice/stage3/recovery_sweep/cout176u_esr5m_cff8p2p/console.log","426","F49DF0EB4A0F080D39DFEEFA9601BC07CD120B12B02D56110BACD763835C0C89"
"pspice/stage3/recovery_sweep/cout176u_esr5m_cff8p2p/cout176u_esr5m_cff8p2p.cir","1013","901020B259497C1F1194444C568111C85A0AB2502074101B51CABDDF007661BA"
"pspice/stage3/recovery_sweep/cout176u_esr5m_cff8p2p/cout176u_esr5m_cff8p2p.csd","606208","36F049E36C82D196B2768CC738E87C216221DC8950B37DCD37A420FE5B3E36B8"
"pspice/stage3/recovery_sweep/cout176u_esr5m_cff8p2p/cout176u_esr5m_cff8p2p.dat","0","E3B0C44298FC1C149AFBF4C8996FB92427AE41E4649B934CA495991B7852B855"
"pspice/stage3/recovery_sweep/cout176u_esr5m_cff8p2p/cout176u_esr5m_cff8p2p.mif","0","E3B0C44298FC1C149AFBF4C8996FB92427AE41E4649B934CA495991B7852B855"
"pspice/stage3/recovery_sweep/cout176u_esr5m_cff8p2p/cout176u_esr5m_cff8p2p.out","1223","9A1442A934DFD6A2F0F30CB34091861A73DA402F67B4C77EBD8EDDCF71CB6762"
"pspice/stage3/recovery_sweep/recovery_sweep_results.csv","7970","2F5471C36A004B1F4DD15A0074488DDA04632A5A9AF90B9607A8CAC80A23F1A9"
"pspice/stage3/recovery_sweep/runner.pid","7","DC69AC36E56D4DEE345E2DEFB80130C26BD08FDA5E5AEADFF1FAAE90864E5640"
"pspice/stage3/recovery_sweep/runner_serial.pid","6","EA698E52B08A705398873663FEE265F4589497607BA0A140CB13800BA3E3958B"
"pspice/stage3/recovery_sweep/runner_serial_stderr.log","0","E3B0C44298FC1C149AFBF4C8996FB92427AE41E4649B934CA495991B7852B855"
"pspice/stage3/recovery_sweep/runner_serial_stdout.log","2029","1CD4DE9927016F92C2BC6611A473418B9195A9DFC09D0440E6F8BC9C2201EE78"
"pspice/stage3/recovery_sweep/runner_stderr.log","0","E3B0C44298FC1C149AFBF4C8996FB92427AE41E4649B934CA495991B7852B855"
"pspice/stage3/recovery_sweep/runner_stdout.log","1563","99BED2A84DF2CE17D20E8303C117AEBC00EED582C4985E1ED0C3024BAF39F480"
"pspice/stage3/reva_buck_common_stage3.inc","641","5B12460468A50BAF81079A65C2F8DEFCB66C0507A4B0E310C9A0E0676C373663"
"pspice/stage3/run_record.md","975","175916857CB3E1F902ACC8F41A0CD275B7CADB892C5941E9C4FA70B83F89A676"
"README.md","5946","9FA6806BC074338328803349FEA13C6AD54948C898F54C6C9228557800AB7221"
"schematic/connection_matrix.csv","50995","D759AB363E9329FC37979710AF327EEA46AECF497A8F47A35159D4D897F6B42E"
"schematic/footprint_assignment.csv","7663","2150831C88EF36480E412FD6F056F58B86E31F99D96BE230754DA552BEC1722C"
"schematic/orcad/stage2/native_25_1/PCIE_GEN3_X4_NVME_ADAPTER_REVA_STAGE2_ELECTRICAL.DRC","1384","D0043343B76331BD9B987E3013F9A86B03B905B07D3A7DA215F26813708F8814"
"schematic/orcad/stage2/native_25_1/PCIE_GEN3_X4_NVME_ADAPTER_REVA_STAGE2_ELECTRICAL.dsn","177664","64261FAF970518F368E9EF253A3A45221CCB31A39DCB3D761A88AD4A55D0320C"
"schematic/orcad/stage2/native_25_1/PCIE_GEN3_X4_NVME_ADAPTER_REVA_STAGE2_ELECTRICAL.DSNlck","16384","205D000AA762F3A96AC3AD4B25D791B5F7FC8EFB9056B78F299F671A02B9FD21"
"schematic/orcad/stage2/native_25_1/pcie_gen3_x4_nvme_adapter_reva_stage2_electrical.opj","5057","2F76DDAEEDFBBA993F9CDFF3B3268E6C7245A241ABFC2F1A5276EE41ABD83463"
"schematic/orcad/stage2/native_25_1/PCIE_GEN3_X4_NVME_ADAPTER_REVA_STAGE2_ELECTRICAL_0.DBK","177152","D1A96071B0E63B05300EEA5D919B3C24E8116031469BE04C1DCDD6E0C08FAA57"
"schematic/orcad/stage2/native_25_1/pcie_gen3_x4_nvme_adapter_reva_stage2_electrical_convert.txt","608","5CF9F90FD11B8212B1AF557444D250D1DA0A8F7A5E02E4DFCD4A37AB583D79C1"
"schematic/orcad/stage2/reports/annotation_report.txt","553","DB815B43701DB2E90B249F2F051DF6324FEAF1192322C12AAB0EB025F09B4684"
"schematic/orcad/stage2/reports/capture_bom.csv","6854","BD15E29C996D3A104890FE6D9DEA658C117836AEE8037B51B0B6F61C862640DD"
"schematic/orcad/stage2/reports/capture_electrical_instances.csv","4834","51FED813BCACC3893078B59FFD68EE8403D671C7075782ECB5810B813E7C4BA9"
"schematic/orcad/stage2/reports/capture_electrical_occurrences.csv","73","933F28F6BD8EE2332FBEC8F4C544B6FDCF6D7827496F2A62D05C76F38E45E301"
"schematic/orcad/stage2/reports/capture_electrical_offpages.csv","16848","7854ED88A0C1D396032C80920DE129893D0DED01E6DEB9F79A5E89774CC7A4A4"
"schematic/orcad/stage2/reports/capture_electrical_reopen_audit.csv","312","F079953450E2B762DA1BF4EAA5BD34B77B95092CBD34F46D7CF7C43B11918A69"
"schematic/orcad/stage2/reports/capture_skeleton_audit.csv","309","1F7833945BAF7EF97A848C731262893AACF9B6708F83B492EC4E3D8D79C6B27B"
"schematic/orcad/stage2/reports/erc_report.txt","1033","F6EBE402CB39A1CB115414544D4AE5A55EF60938BB81B2114DE9309ABBBFE0D3"
"schematic/orcad/stage2/reports/netlist_manifest.csv","1816","8A9B06C46B6DF2AC77EC7B0D275C5E0F7E02E56505E1670600C013864B0C10F2"
"schematic/orcad/stage2/reports/olb_package_pin_audit.csv","313","15D334929A781BC3C87819E37C7C94887042587F727477503BEDE6F838E0686B"
"schematic/orcad/stage2/reports/physical_pin_report.csv","4037","8A4503CEA3BA2E5DBA0C0047BC1BEEEC454D3645AA780E2B86AA732279FAD3F4"
"schematic/symbol_pinmap.csv","39628","D3BFC63F2B7D4B9C74E37E32D8888B2394D78651A8D33F2D49B0A5D06076F75A"
"scripts/check_3d_delivery.py","21411","F8933AE45E96DEF544D9FB48FD045688D8EF5429FA76040D92918EE7DCC40364"
"scripts/check_3d_models.py","13164","25A59BCBA3B89216FB6C1418A9E9F17D4E47BB1C8D45A51688F7149E145081B6"
"scripts/check_bom_fields.py","2889","E8506E92F895E6D36EA1175C038A9C93855DC0A2D7595E0F54D602A2BB1686D1"
"scripts/check_duplicate_pins.py","4490","F34BAEB79FFAC0D4BE9F879BC149452812E04E918914CD4C0D5F76EBB593D32B"
"scripts/check_final_delivery.py","7868","248172672CE2000C89007B63286972FA829D86C571909B0D13BE0304EBC2C32D"
"scripts/check_net_names.py","3144","281D21AE4EA3A4F42C2BF7FC7D18DF279DB4D722A227DD47577B8ACEFC8B07D0"
"scripts/check_stage2_delivery.py","35475","0D6EC33BD11293A06FB2CB38E72799DC56AF5636C39DC9ED0B89509304858D75"
"scripts/check_stage3_delivery.py","10178","16047560D6B1003B703D654C1619FDA592FD97FB945CDD04E507E72DE1024248"
"scripts/check_supported_ssd.py","12275","3D05F9408413E7F305FD0BE9B2DA82943AAEFD56260F7DDE5AF6EBD4FAC3BE65"
"scripts/generate_final_artifact_manifest.py","7208","674F02CC0BD877CBAA9E5C47C6D48E7B25A6669A7D03A53925E3D52E667D4699"
"scripts/validate_csv.py","12422","75454B6DD8F3E1EDB6395B28D256B7F993F14A8D8BF9D394B2A0133723A6F8CE"
"validation/supported_ssd_matrix.csv","991","B67A37FF3C2E8578F4B48ECD3E7DD002EF966843CEE870219D9A55E2ED208CC1"
"validation/validation/bringup_plan.md","3244","060338205564AABE42CC76467655519339624915969010D9E457C4F45CD246D3"
"validation/validation/debug_log_template.md","3430","F0997E1DDCFBC6587AA682168514F991C272BCC2977960AB4A15B4D4DE2807DA"
"validation/validation/eco_template.md","3634","E80E9EBDC0D8C599F9F593BA2BB36FD12483342EB99F5199CFC7F25C8A0E92E5"
"validation/validation/fault_tree.md","4287","B1D068CBA0B26D8E79B2AC7454C1B0E6CB71ED101FA43264101F8B30CE1602D8"
"validation/validation/pcie_enumeration_test.md","2111","9900C02EE1963BAA904887CE411AAAC49FC8B4FF456268B406BC76BF2F874665"
"validation/validation/power_measurement_plan.md","2081","463B86B3C521FA7A061F3190F0E6B7F588EBD8036AE0426220E3BDC6D425E875"
"validation/validation/stage3_fabrication_and_bringup_gate.md","2578","045B74EDFD6043F826FB1CFD5C7A2B3BB799505EFEFE0AE6CC3A2D0BBD001592"
"validation/validation/storage_stress_test.md","2929","83DB4E2BAD6D9C23C4DF433E5F4D75849A6FD2A88F17D57674DAFFECA2ED21CB"
"validation/validation/supported_ssd_matrix.csv","991","B67A37FF3C2E8578F4B48ECD3E7DD002EF966843CEE870219D9A55E2ED208CC1"
"validation/validation/supported_ssd_policy.md","5534","B8463C83A29A76ABB3852059908434B46A1F1BD6714EEAD06529A2B0082BE9BB"
"validation/validation/test_matrix.csv","6784","3ACF5D810F3B93CA134851D61BCA180B3C2531CC9BBCF7BE13E4018CC96A6144"
"validation/validation/test_profiles.csv","2813","4CFF41883E2AC4A5117CE2B8EBAB7991899160FD438899D075A0A6D70584D99A"
"validation/validation/thermal_test.md","1123","E37E5D7D8089F79D5A650C008DC25BE44FADB5DDB563504B605159688E12A28A"
