Page,OffPage_Name,Source_Symbol,Object_ID,Location_X,Location_Y,HotSpot_X,HotSpot_Y
"02_PCIE_EDGE_INTERFACE","PCIE_PRSNT_N","OFFPAGELEFT-L",1073,140,130,0,10
"02_PCIE_EDGE_INTERFACE","P12V_SLOT","OFFPAGELEFT-L",1079,140,140,0,10
"02_PCIE_EDGE_INTERFACE","P12V_SLOT","OFFPAGELEFT-L",1085,140,150,0,10
"02_PCIE_EDGE_INTERFACE","GND","OFFPAGELEFT-L",1091,140,160,0,10
"02_PCIE_EDGE_INTERFACE","PCIE_PERST_N","OFFPAGELEFT-L",1097,140,230,0,10
"02_PCIE_EDGE_INTERFACE","GND","OFFPAGELEFT-L",1103,140,240,0,10
"02_PCIE_EDGE_INTERFACE","PCIE_REFCLK_P","OFFPAGELEFT-L",1109,140,250,0,10
"02_PCIE_EDGE_INTERFACE","PCIE_REFCLK_N","OFFPAGELEFT-L",1115,140,260,0,10
"02_PCIE_EDGE_INTERFACE","GND","OFFPAGELEFT-L",1121,140,270,0,10
"02_PCIE_EDGE_INTERFACE","PCIE_RX0_P","OFFPAGELEFT-L",1127,140,280,0,10
"02_PCIE_EDGE_INTERFACE","PCIE_RX0_N","OFFPAGELEFT-L",1133,140,290,0,10
"02_PCIE_EDGE_INTERFACE","GND","OFFPAGELEFT-L",1139,140,300,0,10
"02_PCIE_EDGE_INTERFACE","GND","OFFPAGELEFT-L",1145,140,320,0,10
"02_PCIE_EDGE_INTERFACE","PCIE_RX1_P","OFFPAGELEFT-L",1151,140,330,0,10
"02_PCIE_EDGE_INTERFACE","PCIE_RX1_N","OFFPAGELEFT-L",1157,140,340,0,10
"02_PCIE_EDGE_INTERFACE","GND","OFFPAGELEFT-L",1163,140,350,0,10
"02_PCIE_EDGE_INTERFACE","GND","OFFPAGELEFT-L",1169,140,360,0,10
"02_PCIE_EDGE_INTERFACE","PCIE_RX2_P","OFFPAGELEFT-L",1175,140,370,0,10
"02_PCIE_EDGE_INTERFACE","PCIE_RX2_N","OFFPAGELEFT-L",1181,140,380,0,10
"02_PCIE_EDGE_INTERFACE","GND","OFFPAGELEFT-L",1187,140,390,0,10
"02_PCIE_EDGE_INTERFACE","GND","OFFPAGELEFT-L",1193,140,400,0,10
"02_PCIE_EDGE_INTERFACE","PCIE_RX3_P","OFFPAGELEFT-L",1199,140,410,0,10
"02_PCIE_EDGE_INTERFACE","PCIE_RX3_N","OFFPAGELEFT-L",1205,140,420,0,10
"02_PCIE_EDGE_INTERFACE","GND","OFFPAGELEFT-L",1211,140,430,0,10
"02_PCIE_EDGE_INTERFACE","P12V_SLOT","OFFPAGELEFT-L",1217,300,130,0,10
"02_PCIE_EDGE_INTERFACE","P12V_SLOT","OFFPAGELEFT-L",1223,300,140,0,10
"02_PCIE_EDGE_INTERFACE","P12V_SLOT","OFFPAGELEFT-L",1229,300,150,0,10
"02_PCIE_EDGE_INTERFACE","GND","OFFPAGELEFT-L",1235,300,160,0,10
"02_PCIE_EDGE_INTERFACE","GND","OFFPAGELEFT-L",1241,300,190,0,10
"02_PCIE_EDGE_INTERFACE","PCIE_PEWAKE_N","OFFPAGELEFT-L",1247,300,230,0,10
"02_PCIE_EDGE_INTERFACE","PCIE_CLKREQ_N","OFFPAGELEFT-L",1253,300,240,0,10
"02_PCIE_EDGE_INTERFACE","GND","OFFPAGELEFT-L",1259,300,250,0,10
"02_PCIE_EDGE_INTERFACE","PCIE_TX0_P","OFFPAGELEFT-L",1265,300,260,0,10
"02_PCIE_EDGE_INTERFACE","PCIE_TX0_N","OFFPAGELEFT-L",1271,300,270,0,10
"02_PCIE_EDGE_INTERFACE","GND","OFFPAGELEFT-L",1277,300,280,0,10
"02_PCIE_EDGE_INTERFACE","GND","OFFPAGELEFT-L",1283,300,300,0,10
"02_PCIE_EDGE_INTERFACE","PCIE_TX1_P","OFFPAGELEFT-L",1289,300,310,0,10
"02_PCIE_EDGE_INTERFACE","PCIE_TX1_N","OFFPAGELEFT-L",1295,300,320,0,10
"02_PCIE_EDGE_INTERFACE","GND","OFFPAGELEFT-L",1301,300,330,0,10
"02_PCIE_EDGE_INTERFACE","GND","OFFPAGELEFT-L",1307,300,340,0,10
"02_PCIE_EDGE_INTERFACE","PCIE_TX2_P","OFFPAGELEFT-L",1313,300,350,0,10
"02_PCIE_EDGE_INTERFACE","PCIE_TX2_N","OFFPAGELEFT-L",1319,300,360,0,10
"02_PCIE_EDGE_INTERFACE","GND","OFFPAGELEFT-L",1325,300,370,0,10
"02_PCIE_EDGE_INTERFACE","GND","OFFPAGELEFT-L",1331,300,380,0,10
"02_PCIE_EDGE_INTERFACE","PCIE_TX3_P","OFFPAGELEFT-L",1337,300,390,0,10
"02_PCIE_EDGE_INTERFACE","PCIE_TX3_N","OFFPAGELEFT-L",1343,300,400,0,10
"02_PCIE_EDGE_INTERFACE","GND","OFFPAGELEFT-L",1349,300,410,0,10
"02_PCIE_EDGE_INTERFACE","PCIE_PRSNT_N","OFFPAGELEFT-L",1355,300,430,0,10
"02_PCIE_EDGE_INTERFACE","GND","OFFPAGELEFT-L",1361,300,440,0,10
"03_M2_NVME_INTERFACE","GND","OFFPAGELEFT-L",1367,140,130,0,10
"03_M2_NVME_INTERFACE","P3V3_NVME","OFFPAGELEFT-L",1373,140,140,0,10
"03_M2_NVME_INTERFACE","GND","OFFPAGELEFT-L",1379,140,150,0,10
"03_M2_NVME_INTERFACE","P3V3_NVME","OFFPAGELEFT-L",1385,140,160,0,10
"03_M2_NVME_INTERFACE","PCIE_RX3_N","OFFPAGELEFT-L",1391,140,170,0,10
"03_M2_NVME_INTERFACE","PCIE_RX3_P","OFFPAGELEFT-L",1397,140,190,0,10
"03_M2_NVME_INTERFACE","GND","OFFPAGELEFT-L",1403,140,210,0,10
"03_M2_NVME_INTERFACE","PCIE_TX3_N","OFFPAGELEFT-L",1409,140,230,0,10
"03_M2_NVME_INTERFACE","P3V3_NVME","OFFPAGELEFT-L",1415,140,240,0,10
"03_M2_NVME_INTERFACE","PCIE_TX3_P","OFFPAGELEFT-L",1421,140,250,0,10
"03_M2_NVME_INTERFACE","P3V3_NVME","OFFPAGELEFT-L",1427,140,260,0,10
"03_M2_NVME_INTERFACE","GND","OFFPAGELEFT-L",1433,140,270,0,10
"03_M2_NVME_INTERFACE","P3V3_NVME","OFFPAGELEFT-L",1439,140,280,0,10
"03_M2_NVME_INTERFACE","PCIE_RX2_N","OFFPAGELEFT-L",1445,140,290,0,10
"03_M2_NVME_INTERFACE","P3V3_NVME","OFFPAGELEFT-L",1451,140,300,0,10
"03_M2_NVME_INTERFACE","PCIE_RX2_P","OFFPAGELEFT-L",1457,140,310,0,10
"03_M2_NVME_INTERFACE","GND","OFFPAGELEFT-L",1463,140,330,0,10
"03_M2_NVME_INTERFACE","PCIE_TX2_N","OFFPAGELEFT-L",1469,140,350,0,10
"03_M2_NVME_INTERFACE","PCIE_TX2_P","OFFPAGELEFT-L",1475,140,370,0,10
"03_M2_NVME_INTERFACE","GND","OFFPAGELEFT-L",1481,140,390,0,10
"03_M2_NVME_INTERFACE","PCIE_RX1_N","OFFPAGELEFT-L",1487,140,410,0,10
"03_M2_NVME_INTERFACE","PCIE_RX1_P","OFFPAGELEFT-L",1493,140,430,0,10
"03_M2_NVME_INTERFACE","GND","OFFPAGELEFT-L",1499,140,450,0,10
"03_M2_NVME_INTERFACE","PCIE_TX1_N","OFFPAGELEFT-L",1505,300,130,0,10
"03_M2_NVME_INTERFACE","PCIE_TX1_P","OFFPAGELEFT-L",1511,300,150,0,10
"03_M2_NVME_INTERFACE","GND","OFFPAGELEFT-L",1517,300,170,0,10
"03_M2_NVME_INTERFACE","PCIE_RX0_N","OFFPAGELEFT-L",1523,300,190,0,10
"03_M2_NVME_INTERFACE","PCIE_RX0_P","OFFPAGELEFT-L",1529,300,210,0,10
"03_M2_NVME_INTERFACE","GND","OFFPAGELEFT-L",1535,300,230,0,10
"03_M2_NVME_INTERFACE","PCIE_TX0_N","OFFPAGELEFT-L",1541,300,250,0,10
"03_M2_NVME_INTERFACE","PCIE_TX0_P","OFFPAGELEFT-L",1547,300,270,0,10
"03_M2_NVME_INTERFACE","PCIE_PERST_N","OFFPAGELEFT-L",1553,300,280,0,10
"03_M2_NVME_INTERFACE","GND","OFFPAGELEFT-L",1559,300,290,0,10
"03_M2_NVME_INTERFACE","PCIE_CLKREQ_N","OFFPAGELEFT-L",1565,300,300,0,10
"03_M2_NVME_INTERFACE","PCIE_REFCLK_N","OFFPAGELEFT-L",1571,300,310,0,10
"03_M2_NVME_INTERFACE","PCIE_PEWAKE_N","OFFPAGELEFT-L",1577,300,320,0,10
"03_M2_NVME_INTERFACE","PCIE_REFCLK_P","OFFPAGELEFT-L",1583,300,330,0,10
"03_M2_NVME_INTERFACE","GND","OFFPAGELEFT-L",1589,300,350,0,10
"03_M2_NVME_INTERFACE","P3V3_NVME","OFFPAGELEFT-L",1595,300,400,0,10
"03_M2_NVME_INTERFACE","GND","OFFPAGELEFT-L",1601,300,410,0,10
"03_M2_NVME_INTERFACE","P3V3_NVME","OFFPAGELEFT-L",1607,300,420,0,10
"03_M2_NVME_INTERFACE","GND","OFFPAGELEFT-L",1613,300,430,0,10
"03_M2_NVME_INTERFACE","P3V3_NVME","OFFPAGELEFT-L",1619,300,440,0,10
"03_M2_NVME_INTERFACE","GND","OFFPAGELEFT-L",1625,300,450,0,10
"04_POWER_INPUT_PROTECTION","P12V_SLOT","OFFPAGELEFT-L",821,140,130,0,10
"04_POWER_INPUT_PROTECTION","GND","OFFPAGELEFT-L",827,300,130,0,10
"04_POWER_INPUT_PROTECTION","EFUSE_DVDT","OFFPAGELEFT-L",833,470,130,0,10
"04_POWER_INPUT_PROTECTION","GND","OFFPAGELEFT-L",839,630,130,0,10
"04_POWER_INPUT_PROTECTION","EFUSE_ITIMER","OFFPAGELEFT-L",845,800,130,0,10
"04_POWER_INPUT_PROTECTION","GND","OFFPAGELEFT-L",851,960,130,0,10
"04_POWER_INPUT_PROTECTION","P12V_SLOT","OFFPAGELEFT-L",1049,1130,130,0,10
"04_POWER_INPUT_PROTECTION","GND","OFFPAGELEFT-L",1055,1290,130,0,10
"04_POWER_INPUT_PROTECTION","P12V_SLOT","OFFPAGELEFT-L",1685,140,550,0,10
"04_POWER_INPUT_PROTECTION","EFUSE_EN_UVLO","OFFPAGELEFT-L",1691,300,550,0,10
"04_POWER_INPUT_PROTECTION","EFUSE_EN_UVLO","OFFPAGELEFT-L",1697,470,550,0,10
"04_POWER_INPUT_PROTECTION","GND","OFFPAGELEFT-L",1703,630,550,0,10
"04_POWER_INPUT_PROTECTION","EFUSE_OVCSEL","OFFPAGELEFT-L",1709,800,550,0,10
"04_POWER_INPUT_PROTECTION","GND","OFFPAGELEFT-L",1715,960,550,0,10
"04_POWER_INPUT_PROTECTION","P12V_PROTECTED","OFFPAGELEFT-L",1721,1130,550,0,10
"04_POWER_INPUT_PROTECTION","EFUSE_PGTH","OFFPAGELEFT-L",1727,1290,550,0,10
"04_POWER_INPUT_PROTECTION","EFUSE_PGTH","OFFPAGELEFT-L",1733,140,970,0,10
"04_POWER_INPUT_PROTECTION","GND","OFFPAGELEFT-L",1739,300,970,0,10
"04_POWER_INPUT_PROTECTION","EFUSE_ILM","OFFPAGELEFT-L",1745,470,970,0,10
"04_POWER_INPUT_PROTECTION","GND","OFFPAGELEFT-L",1751,630,970,0,10
"04_POWER_INPUT_PROTECTION","EFUSE_EN_UVLO","OFFPAGELEFT-L",2003,800,970,0,10
"04_POWER_INPUT_PROTECTION","EFUSE_OVCSEL","OFFPAGELEFT-L",2009,800,980,0,10
"04_POWER_INPUT_PROTECTION","PGOOD_12V","OFFPAGELEFT-L",2015,800,990,0,10
"04_POWER_INPUT_PROTECTION","EFUSE_PGTH","OFFPAGELEFT-L",2021,800,1000,0,10
"04_POWER_INPUT_PROTECTION","P12V_SLOT","OFFPAGELEFT-L",2027,800,1010,0,10
"04_POWER_INPUT_PROTECTION","P12V_PROTECTED","OFFPAGELEFT-L",2033,960,970,0,10
"04_POWER_INPUT_PROTECTION","EFUSE_DVDT","OFFPAGELEFT-L",2039,960,980,0,10
"04_POWER_INPUT_PROTECTION","GND","OFFPAGELEFT-L",2045,960,990,0,10
"04_POWER_INPUT_PROTECTION","EFUSE_ILM","OFFPAGELEFT-L",2051,960,1000,0,10
"04_POWER_INPUT_PROTECTION","EFUSE_ITIMER","OFFPAGELEFT-L",2057,960,1010,0,10
"05_3V3_POWER","P12V_PROTECTED","OFFPAGELEFT-L",857,140,130,0,10
"05_3V3_POWER","GND","OFFPAGELEFT-L",863,300,130,0,10
"05_3V3_POWER","P12V_PROTECTED","OFFPAGELEFT-L",869,470,130,0,10
"05_3V3_POWER","GND","OFFPAGELEFT-L",875,630,130,0,10
"05_3V3_POWER","P12V_PROTECTED","OFFPAGELEFT-L",881,800,130,0,10
"05_3V3_POWER","GND","OFFPAGELEFT-L",887,960,130,0,10
"05_3V3_POWER","P12V_PROTECTED","OFFPAGELEFT-L",893,1130,130,0,10
"05_3V3_POWER","GND","OFFPAGELEFT-L",899,1290,130,0,10
"05_3V3_POWER","BP5","OFFPAGELEFT-L",905,140,550,0,10
"05_3V3_POWER","GND","OFFPAGELEFT-L",911,300,550,0,10
"05_3V3_POWER","BUCK_BOOT","OFFPAGELEFT-L",917,470,550,0,10
"05_3V3_POWER","SW_3V3","OFFPAGELEFT-L",923,630,550,0,10
"05_3V3_POWER","P3V3_NVME","OFFPAGELEFT-L",929,800,550,0,10
"05_3V3_POWER","BUCK_FB","OFFPAGELEFT-L",935,960,550,0,10
"05_3V3_POWER","P3V3_PRE_SENSE","OFFPAGELEFT-L",941,1130,550,0,10
"05_3V3_POWER","GND","OFFPAGELEFT-L",947,1290,550,0,10
"05_3V3_POWER","P3V3_PRE_SENSE","OFFPAGELEFT-L",953,140,970,0,10
"05_3V3_POWER","GND","OFFPAGELEFT-L",959,300,970,0,10
"05_3V3_POWER","P3V3_PRE_SENSE","OFFPAGELEFT-L",965,470,970,0,10
"05_3V3_POWER","GND","OFFPAGELEFT-L",971,630,970,0,10
"05_3V3_POWER","P3V3_PRE_SENSE","OFFPAGELEFT-L",977,800,970,0,10
"05_3V3_POWER","GND","OFFPAGELEFT-L",983,960,970,0,10
"05_3V3_POWER","SW_3V3","OFFPAGELEFT-L",1655,1130,1810,0,10
"05_3V3_POWER","P3V3_PRE_SENSE","OFFPAGELEFT-L",1661,1290,1810,0,10
"05_3V3_POWER","P3V3_AUX","OFFPAGELEFT-L",1757,1130,970,0,10
"05_3V3_POWER","PGOOD_12V","OFFPAGELEFT-L",1763,1290,970,0,10
"05_3V3_POWER","BUCK_FSEL","OFFPAGELEFT-L",1769,140,1390,0,10
"05_3V3_POWER","GND","OFFPAGELEFT-L",1775,300,1390,0,10
"05_3V3_POWER","BUCK_MODE","OFFPAGELEFT-L",1781,470,1390,0,10
"05_3V3_POWER","GND","OFFPAGELEFT-L",1787,630,1390,0,10
"05_3V3_POWER","P12V_PROTECTED","OFFPAGELEFT-L",1793,800,1390,0,10
"05_3V3_POWER","BUCK_EN","OFFPAGELEFT-L",1799,960,1390,0,10
"05_3V3_POWER","BUCK_EN","OFFPAGELEFT-L",1805,1130,1390,0,10
"05_3V3_POWER","GND","OFFPAGELEFT-L",1811,1290,1390,0,10
"05_3V3_POWER","P3V3_NVME","OFFPAGELEFT-L",1817,140,1810,0,10
"05_3V3_POWER","BUCK_FB","OFFPAGELEFT-L",1823,300,1810,0,10
"05_3V3_POWER","BUCK_FB","OFFPAGELEFT-L",1829,470,1810,0,10
"05_3V3_POWER","GND","OFFPAGELEFT-L",1835,630,1810,0,10
"05_3V3_POWER","P3V3_AUX","OFFPAGELEFT-L",1841,800,1810,0,10
"05_3V3_POWER","PGOOD_3V3","OFFPAGELEFT-L",1847,960,1810,0,10
"05_3V3_POWER","SHUNT_SENSE_P","OFFPAGELEFT-L",1925,140,2240,0,10
"05_3V3_POWER","SHUNT_SENSE_N","OFFPAGELEFT-L",1931,300,2240,0,10
"05_3V3_POWER","P3V3_PRE_SENSE","OFFPAGELEFT-L",1937,140,2230,0,10
"05_3V3_POWER","P3V3_NVME","OFFPAGELEFT-L",1943,300,2230,0,10
"05_3V3_POWER","BUCK_FSEL","OFFPAGELEFT-L",2063,470,2230,0,10
"05_3V3_POWER","BUCK_MODE","OFFPAGELEFT-L",2069,470,2240,0,10
"05_3V3_POWER","PGOOD_3V3","OFFPAGELEFT-L",2075,470,2250,0,10
"05_3V3_POWER","BUCK_FB","OFFPAGELEFT-L",2081,470,2260,0,10
"05_3V3_POWER","GND","OFFPAGELEFT-L",2087,470,2270,0,10
"05_3V3_POWER","BP5","OFFPAGELEFT-L",2093,470,2280,0,10
"05_3V3_POWER","BUCK_EN","OFFPAGELEFT-L",2099,470,2290,0,10
"05_3V3_POWER","P12V_PROTECTED","OFFPAGELEFT-L",2105,630,2230,0,10
"05_3V3_POWER","GND","OFFPAGELEFT-L",2111,630,2240,0,10
"05_3V3_POWER","SW_3V3","OFFPAGELEFT-L",2117,630,2250,0,10
"05_3V3_POWER","GND","OFFPAGELEFT-L",2123,630,2260,0,10
"05_3V3_POWER","P12V_PROTECTED","OFFPAGELEFT-L",2129,630,2270,0,10
"05_3V3_POWER","SW_3V3","OFFPAGELEFT-L",2135,630,2280,0,10
"05_3V3_POWER","BUCK_BOOT","OFFPAGELEFT-L",2141,630,2290,0,10
"06_POWER_TELEMETRY","P3V3_AUX","OFFPAGELEFT-L",989,140,130,0,10
"06_POWER_TELEMETRY","GND","OFFPAGELEFT-L",995,300,130,0,10
"06_POWER_TELEMETRY","P3V3_AUX","OFFPAGELEFT-L",1001,470,130,0,10
"06_POWER_TELEMETRY","GND","OFFPAGELEFT-L",1007,630,130,0,10
"06_POWER_TELEMETRY","P3V3_AUX","OFFPAGELEFT-L",1013,800,130,0,10
"06_POWER_TELEMETRY","GND","OFFPAGELEFT-L",1019,960,130,0,10
"06_POWER_TELEMETRY","P3V3_NVME","OFFPAGELEFT-L",1061,470,550,0,10
"06_POWER_TELEMETRY","P3V3_AUX","OFFPAGELEFT-L",1067,630,550,0,10
"06_POWER_TELEMETRY","P3V3_AUX","OFFPAGELEFT-L",1853,1130,130,0,10
"06_POWER_TELEMETRY","I2C_SCL","OFFPAGELEFT-L",1859,1290,130,0,10
"06_POWER_TELEMETRY","P3V3_AUX","OFFPAGELEFT-L",1865,140,550,0,10
"06_POWER_TELEMETRY","I2C_SDA","OFFPAGELEFT-L",1871,300,550,0,10
"06_POWER_TELEMETRY","GND","OFFPAGELEFT-L",2147,800,550,0,10
"06_POWER_TELEMETRY","GND","OFFPAGELEFT-L",2153,800,560,0,10
"06_POWER_TELEMETRY","INA_ALERT_N","OFFPAGELEFT-L",2159,800,570,0,10
"06_POWER_TELEMETRY","I2C_SDA","OFFPAGELEFT-L",2165,800,580,0,10
"06_POWER_TELEMETRY","I2C_SCL","OFFPAGELEFT-L",2171,800,590,0,10
"06_POWER_TELEMETRY","P3V3_AUX","OFFPAGELEFT-L",2177,960,550,0,10
"06_POWER_TELEMETRY","GND","OFFPAGELEFT-L",2183,960,560,0,10
"06_POWER_TELEMETRY","P3V3_NVME","OFFPAGELEFT-L",2189,960,570,0,10
"06_POWER_TELEMETRY","SHUNT_SENSE_N","OFFPAGELEFT-L",2195,960,580,0,10
"06_POWER_TELEMETRY","SHUNT_SENSE_P","OFFPAGELEFT-L",2201,960,590,0,10
"06_POWER_TELEMETRY","I2C_SDA","OFFPAGELEFT-L",2207,1130,550,0,10
"06_POWER_TELEMETRY","I2C_SCL","OFFPAGELEFT-L",2213,1130,560,0,10
"06_POWER_TELEMETRY","TEMP_ALERT_N","OFFPAGELEFT-L",2219,1130,570,0,10
"06_POWER_TELEMETRY","GND","OFFPAGELEFT-L",2225,1130,580,0,10
"06_POWER_TELEMETRY","GND","OFFPAGELEFT-L",2231,1290,550,0,10
"06_POWER_TELEMETRY","GND","OFFPAGELEFT-L",2237,1290,560,0,10
"06_POWER_TELEMETRY","GND","OFFPAGELEFT-L",2243,1290,570,0,10
"06_POWER_TELEMETRY","P3V3_AUX","OFFPAGELEFT-L",2249,1290,580,0,10
"07_DEBUG_AND_TESTPOINTS","P3V3_SENSE_PROTECTED","OFFPAGELEFT-L",1025,140,130,0,10
"07_DEBUG_AND_TESTPOINTS","GND","OFFPAGELEFT-L",1031,300,130,0,10
"07_DEBUG_AND_TESTPOINTS","LED_PGOOD_ANODE","OFFPAGELEFT-L",1037,470,550,0,10
"07_DEBUG_AND_TESTPOINTS","LED_PGOOD_CATHODE","OFFPAGELEFT-L",1043,630,550,0,10
"07_DEBUG_AND_TESTPOINTS","GND","OFFPAGELEFT-L",1631,800,550,0,10
"07_DEBUG_AND_TESTPOINTS","I2C_SCL","OFFPAGELEFT-L",1637,800,560,0,10
"07_DEBUG_AND_TESTPOINTS","I2C_SDA","OFFPAGELEFT-L",1643,960,550,0,10
"07_DEBUG_AND_TESTPOINTS","P3V3_SENSE_OUT","OFFPAGELEFT-L",1649,960,560,0,10
"07_DEBUG_AND_TESTPOINTS","PGOOD_3V3","OFFPAGELEFT-L",1667,1130,550,0,10
"07_DEBUG_AND_TESTPOINTS","GND","OFFPAGELEFT-L",1673,1130,560,0,10
"07_DEBUG_AND_TESTPOINTS","LED_PGOOD_CATHODE","OFFPAGELEFT-L",1679,1290,550,0,10
"07_DEBUG_AND_TESTPOINTS","P3V3_AUX","OFFPAGELEFT-L",1877,470,130,0,10
"07_DEBUG_AND_TESTPOINTS","INA_ALERT_N","OFFPAGELEFT-L",1883,630,130,0,10
"07_DEBUG_AND_TESTPOINTS","P3V3_AUX","OFFPAGELEFT-L",1889,800,130,0,10
"07_DEBUG_AND_TESTPOINTS","TEMP_ALERT_N","OFFPAGELEFT-L",1895,960,130,0,10
"07_DEBUG_AND_TESTPOINTS","P3V3_AUX","OFFPAGELEFT-L",1901,1130,130,0,10
"07_DEBUG_AND_TESTPOINTS","LED_PGOOD_ANODE","OFFPAGELEFT-L",1907,1290,130,0,10
"07_DEBUG_AND_TESTPOINTS","P3V3_SENSE_PROTECTED","OFFPAGELEFT-L",1913,140,550,0,10
"07_DEBUG_AND_TESTPOINTS","P3V3_SENSE_OUT","OFFPAGELEFT-L",1919,300,550,0,10
"07_DEBUG_AND_TESTPOINTS","P12V_SLOT","OFFPAGELEFT-L",1949,140,970,0,10
"07_DEBUG_AND_TESTPOINTS","P12V_PROTECTED","OFFPAGELEFT-L",1955,470,970,0,10
"07_DEBUG_AND_TESTPOINTS","P3V3_PRE_SENSE","OFFPAGELEFT-L",1961,800,970,0,10
"07_DEBUG_AND_TESTPOINTS","P3V3_NVME","OFFPAGELEFT-L",1967,1130,970,0,10
"07_DEBUG_AND_TESTPOINTS","P3V3_AUX","OFFPAGELEFT-L",1973,140,1390,0,10
"07_DEBUG_AND_TESTPOINTS","PGOOD_3V3","OFFPAGELEFT-L",1979,470,1390,0,10
"07_DEBUG_AND_TESTPOINTS","INA_ALERT_N","OFFPAGELEFT-L",1985,800,1390,0,10
"07_DEBUG_AND_TESTPOINTS","TEMP_ALERT_N","OFFPAGELEFT-L",1991,1130,1390,0,10
"07_DEBUG_AND_TESTPOINTS","GND","OFFPAGELEFT-L",1997,140,1810,0,10
"07_DEBUG_AND_TESTPOINTS","P3V3_SENSE_PROTECTED","OFFPAGELEFT-L",2255,470,1810,0,10
"07_DEBUG_AND_TESTPOINTS","P3V3_SENSE_PROTECTED","OFFPAGELEFT-L",2261,470,1820,0,10
"07_DEBUG_AND_TESTPOINTS","GND","OFFPAGELEFT-L",2267,470,1830,0,10
"07_DEBUG_AND_TESTPOINTS","GND","OFFPAGELEFT-L",2273,470,1840,0,10
"07_DEBUG_AND_TESTPOINTS","GND","OFFPAGELEFT-L",2279,470,1850,0,10
"07_DEBUG_AND_TESTPOINTS","P3V3_AUX","OFFPAGELEFT-L",2285,630,1810,0,10
"07_DEBUG_AND_TESTPOINTS","P3V3_AUX","OFFPAGELEFT-L",2291,630,1820,0,10
"07_DEBUG_AND_TESTPOINTS","P3V3_AUX","OFFPAGELEFT-L",2297,630,1830,0,10
"07_DEBUG_AND_TESTPOINTS","GND","OFFPAGELEFT-L",2303,630,1840,0,10
