Source_Component,Source_Pin,Source_Pin_Name,Net_Name,Destination_Component,Destination_Pin,Destination_Pin_Name,Signal_Type,Voltage_Domain,Differential_Pair_Name,Direction,Source_Document,Human_Review_Status,Notes
J1,B14,PCIE_TX0_P,PCIE_TX0_P,J2,49,PCIE_RX0_P,PCIE_GEN3_DIFF,PCIE_HS,PCIE_TX0,HOST_TO_DEVICE,PCI-SIG_CEM_3.0;M2_CONTROLLED_SPEC;NVIDIA_PUBLIC_REFERENCE_DESIGN;NVIDIA_SP-10900-001_v1.2_Table_2-8;Controlled_CEM_Review_Required;NVIDIA_SP-10900-001_v1.2_Table_2-13;Controlled_M2_Review_Required,Engineering_Assumption,Exact pin uses a public-source baseline; governing controlled specification or footprint cross-probe review remains open
J1,B15,PCIE_TX0_N,PCIE_TX0_N,J2,47,PCIE_RX0_N,PCIE_GEN3_DIFF,PCIE_HS,PCIE_TX0,HOST_TO_DEVICE,PCI-SIG_CEM_3.0;M2_CONTROLLED_SPEC;NVIDIA_PUBLIC_REFERENCE_DESIGN;NVIDIA_SP-10900-001_v1.2_Table_2-8;Controlled_CEM_Review_Required;NVIDIA_SP-10900-001_v1.2_Table_2-13;Controlled_M2_Review_Required,Engineering_Assumption,Exact pin uses a public-source baseline; governing controlled specification or footprint cross-probe review remains open
J2,43,PCIE_TX0_P,PCIE_RX0_P,J1,A16,PCIE_RX0_P,PCIE_GEN3_DIFF,PCIE_HS,PCIE_RX0,DEVICE_TO_HOST,PCI-SIG_CEM_3.0;M2_CONTROLLED_SPEC;NVIDIA_PUBLIC_REFERENCE_DESIGN;NVIDIA_SP-10900-001_v1.2_Table_2-8;Controlled_CEM_Review_Required;NVIDIA_SP-10900-001_v1.2_Table_2-13;Controlled_M2_Review_Required,Engineering_Assumption,Exact pin uses a public-source baseline; governing controlled specification or footprint cross-probe review remains open
J2,41,PCIE_TX0_N,PCIE_RX0_N,J1,A17,PCIE_RX0_N,PCIE_GEN3_DIFF,PCIE_HS,PCIE_RX0,DEVICE_TO_HOST,PCI-SIG_CEM_3.0;M2_CONTROLLED_SPEC;NVIDIA_PUBLIC_REFERENCE_DESIGN;NVIDIA_SP-10900-001_v1.2_Table_2-8;Controlled_CEM_Review_Required;NVIDIA_SP-10900-001_v1.2_Table_2-13;Controlled_M2_Review_Required,Engineering_Assumption,Exact pin uses a public-source baseline; governing controlled specification or footprint cross-probe review remains open
J1,B19,PCIE_TX1_P,PCIE_TX1_P,J2,37,PCIE_RX1_P,PCIE_GEN3_DIFF,PCIE_HS,PCIE_TX1,HOST_TO_DEVICE,PCI-SIG_CEM_3.0;M2_CONTROLLED_SPEC;NVIDIA_PUBLIC_REFERENCE_DESIGN;NVIDIA_SP-10900-001_v1.2_Table_2-8;Controlled_CEM_Review_Required;NVIDIA_SP-10900-001_v1.2_Table_2-13;Controlled_M2_Review_Required,Engineering_Assumption,Exact pin uses a public-source baseline; governing controlled specification or footprint cross-probe review remains open
J1,B20,PCIE_TX1_N,PCIE_TX1_N,J2,35,PCIE_RX1_N,PCIE_GEN3_DIFF,PCIE_HS,PCIE_TX1,HOST_TO_DEVICE,PCI-SIG_CEM_3.0;M2_CONTROLLED_SPEC;NVIDIA_PUBLIC_REFERENCE_DESIGN;NVIDIA_SP-10900-001_v1.2_Table_2-8;Controlled_CEM_Review_Required;NVIDIA_SP-10900-001_v1.2_Table_2-13;Controlled_M2_Review_Required,Engineering_Assumption,Exact pin uses a public-source baseline; governing controlled specification or footprint cross-probe review remains open
J2,31,PCIE_TX1_P,PCIE_RX1_P,J1,A21,PCIE_RX1_P,PCIE_GEN3_DIFF,PCIE_HS,PCIE_RX1,DEVICE_TO_HOST,PCI-SIG_CEM_3.0;M2_CONTROLLED_SPEC;NVIDIA_PUBLIC_REFERENCE_DESIGN;NVIDIA_SP-10900-001_v1.2_Table_2-8;Controlled_CEM_Review_Required;NVIDIA_SP-10900-001_v1.2_Table_2-13;Controlled_M2_Review_Required,Engineering_Assumption,Exact pin uses a public-source baseline; governing controlled specification or footprint cross-probe review remains open
J2,29,PCIE_TX1_N,PCIE_RX1_N,J1,A22,PCIE_RX1_N,PCIE_GEN3_DIFF,PCIE_HS,PCIE_RX1,DEVICE_TO_HOST,PCI-SIG_CEM_3.0;M2_CONTROLLED_SPEC;NVIDIA_PUBLIC_REFERENCE_DESIGN;NVIDIA_SP-10900-001_v1.2_Table_2-8;Controlled_CEM_Review_Required;NVIDIA_SP-10900-001_v1.2_Table_2-13;Controlled_M2_Review_Required,Engineering_Assumption,Exact pin uses a public-source baseline; governing controlled specification or footprint cross-probe review remains open
J1,B23,PCIE_TX2_P,PCIE_TX2_P,J2,25,PCIE_RX2_P,PCIE_GEN3_DIFF,PCIE_HS,PCIE_TX2,HOST_TO_DEVICE,PCI-SIG_CEM_3.0;M2_CONTROLLED_SPEC;NVIDIA_PUBLIC_REFERENCE_DESIGN;NVIDIA_SP-10900-001_v1.2_Table_2-8;Controlled_CEM_Review_Required;NVIDIA_SP-10900-001_v1.2_Table_2-13;Controlled_M2_Review_Required,Engineering_Assumption,Exact pin uses a public-source baseline; governing controlled specification or footprint cross-probe review remains open
J1,B24,PCIE_TX2_N,PCIE_TX2_N,J2,23,PCIE_RX2_N,PCIE_GEN3_DIFF,PCIE_HS,PCIE_TX2,HOST_TO_DEVICE,PCI-SIG_CEM_3.0;M2_CONTROLLED_SPEC;NVIDIA_PUBLIC_REFERENCE_DESIGN;NVIDIA_SP-10900-001_v1.2_Table_2-8;Controlled_CEM_Review_Required;NVIDIA_SP-10900-001_v1.2_Table_2-13;Controlled_M2_Review_Required,Engineering_Assumption,Exact pin uses a public-source baseline; governing controlled specification or footprint cross-probe review remains open
J2,19,PCIE_TX2_P,PCIE_RX2_P,J1,A25,PCIE_RX2_P,PCIE_GEN3_DIFF,PCIE_HS,PCIE_RX2,DEVICE_TO_HOST,PCI-SIG_CEM_3.0;M2_CONTROLLED_SPEC;NVIDIA_PUBLIC_REFERENCE_DESIGN;NVIDIA_SP-10900-001_v1.2_Table_2-8;Controlled_CEM_Review_Required;NVIDIA_SP-10900-001_v1.2_Table_2-13;Controlled_M2_Review_Required,Engineering_Assumption,Exact pin uses a public-source baseline; governing controlled specification or footprint cross-probe review remains open
J2,17,PCIE_TX2_N,PCIE_RX2_N,J1,A26,PCIE_RX2_N,PCIE_GEN3_DIFF,PCIE_HS,PCIE_RX2,DEVICE_TO_HOST,PCI-SIG_CEM_3.0;M2_CONTROLLED_SPEC;NVIDIA_PUBLIC_REFERENCE_DESIGN;NVIDIA_SP-10900-001_v1.2_Table_2-8;Controlled_CEM_Review_Required;NVIDIA_SP-10900-001_v1.2_Table_2-13;Controlled_M2_Review_Required,Engineering_Assumption,Exact pin uses a public-source baseline; governing controlled specification or footprint cross-probe review remains open
J1,B27,PCIE_TX3_P,PCIE_TX3_P,J2,13,PCIE_RX3_P,PCIE_GEN3_DIFF,PCIE_HS,PCIE_TX3,HOST_TO_DEVICE,PCI-SIG_CEM_3.0;M2_CONTROLLED_SPEC;NVIDIA_PUBLIC_REFERENCE_DESIGN;NVIDIA_SP-10900-001_v1.2_Table_2-8;Controlled_CEM_Review_Required;NVIDIA_SP-10900-001_v1.2_Table_2-13;Controlled_M2_Review_Required,Engineering_Assumption,Exact pin uses a public-source baseline; governing controlled specification or footprint cross-probe review remains open
J1,B28,PCIE_TX3_N,PCIE_TX3_N,J2,11,PCIE_RX3_N,PCIE_GEN3_DIFF,PCIE_HS,PCIE_TX3,HOST_TO_DEVICE,PCI-SIG_CEM_3.0;M2_CONTROLLED_SPEC;NVIDIA_PUBLIC_REFERENCE_DESIGN;NVIDIA_SP-10900-001_v1.2_Table_2-8;Controlled_CEM_Review_Required;NVIDIA_SP-10900-001_v1.2_Table_2-13;Controlled_M2_Review_Required,Engineering_Assumption,Exact pin uses a public-source baseline; governing controlled specification or footprint cross-probe review remains open
J2,7,PCIE_TX3_P,PCIE_RX3_P,J1,A29,PCIE_RX3_P,PCIE_GEN3_DIFF,PCIE_HS,PCIE_RX3,DEVICE_TO_HOST,PCI-SIG_CEM_3.0;M2_CONTROLLED_SPEC;NVIDIA_PUBLIC_REFERENCE_DESIGN;NVIDIA_SP-10900-001_v1.2_Table_2-8;Controlled_CEM_Review_Required;NVIDIA_SP-10900-001_v1.2_Table_2-13;Controlled_M2_Review_Required,Engineering_Assumption,Exact pin uses a public-source baseline; governing controlled specification or footprint cross-probe review remains open
J2,5,PCIE_TX3_N,PCIE_RX3_N,J1,A30,PCIE_RX3_N,PCIE_GEN3_DIFF,PCIE_HS,PCIE_RX3,DEVICE_TO_HOST,PCI-SIG_CEM_3.0;M2_CONTROLLED_SPEC;NVIDIA_PUBLIC_REFERENCE_DESIGN;NVIDIA_SP-10900-001_v1.2_Table_2-8;Controlled_CEM_Review_Required;NVIDIA_SP-10900-001_v1.2_Table_2-13;Controlled_M2_Review_Required,Engineering_Assumption,Exact pin uses a public-source baseline; governing controlled specification or footprint cross-probe review remains open
J1,A13,PCIE_REFCLK_P,PCIE_REFCLK_P,J2,55,PCIE_REFCLK_P,PCIE_REFCLK_DIFF,PCIE_CLOCK,PCIE_REFCLK,HOST_TO_DEVICE,PCI-SIG_CEM_3.0;M2_CONTROLLED_SPEC;NVIDIA_PUBLIC_REFERENCE_DESIGN;NVIDIA_SP-10900-001_v1.2_Table_2-8;Controlled_CEM_Review_Required;NVIDIA_SP-10900-001_v1.2_Table_2-13;Controlled_M2_Review_Required,Engineering_Assumption,Exact pin uses a public-source baseline; governing controlled specification or footprint cross-probe review remains open
J1,A14,PCIE_REFCLK_N,PCIE_REFCLK_N,J2,53,PCIE_REFCLK_N,PCIE_REFCLK_DIFF,PCIE_CLOCK,PCIE_REFCLK,HOST_TO_DEVICE,PCI-SIG_CEM_3.0;M2_CONTROLLED_SPEC;NVIDIA_PUBLIC_REFERENCE_DESIGN;NVIDIA_SP-10900-001_v1.2_Table_2-8;Controlled_CEM_Review_Required;NVIDIA_SP-10900-001_v1.2_Table_2-13;Controlled_M2_Review_Required,Engineering_Assumption,Exact pin uses a public-source baseline; governing controlled specification or footprint cross-probe review remains open
J1,A11,PERST_N,PCIE_PERST_N,J2,50,PERST_N,PCIE_SIDEBAND,PCIE_SIDEBAND,,HOST_TO_DEVICE,PCI-SIG_CEM_3.0;M2_CONTROLLED_SPEC;NVIDIA_PUBLIC_REFERENCE_DESIGN;NVIDIA_SP-10900-001_v1.2_Table_2-8;Controlled_CEM_Review_Required;NVIDIA_SP-10900-001_v1.2_Table_2-13;Controlled_M2_Review_Required,Engineering_Assumption,Exact pin uses a public-source baseline; governing controlled specification or footprint cross-probe review remains open
J2,52,CLKREQ_N,PCIE_CLKREQ_N,J1,B12,CLKREQ_N,PCIE_SIDEBAND_OPEN_DRAIN,PCIE_SIDEBAND,,DEVICE_TO_HOST,PCI-SIG_CEM_3.0;M2_CONTROLLED_SPEC;NVIDIA_PUBLIC_REFERENCE_DESIGN;NVIDIA_SP-10900-001_v1.2_Table_2-8;Controlled_CEM_Review_Required;NVIDIA_SP-10900-001_v1.2_Table_2-13;Controlled_M2_Review_Required,Engineering_Assumption,Exact pin uses a public-source baseline; governing controlled specification or footprint cross-probe review remains open
J2,54,PEWAKE_N,PCIE_PEWAKE_N,J1,B11,PEWAKE_N,PCIE_SIDEBAND_OPEN_DRAIN,PCIE_SIDEBAND,,DEVICE_TO_HOST,PCI-SIG_CEM_3.0;M2_CONTROLLED_SPEC;NVIDIA_PUBLIC_REFERENCE_DESIGN;NVIDIA_SP-10900-001_v1.2_Table_2-8;Controlled_CEM_Review_Required;NVIDIA_SP-10900-001_v1.2_Table_2-13;Controlled_M2_Review_Required,Engineering_Assumption,Exact pin uses a public-source baseline; governing controlled specification or footprint cross-probe review remains open
J1,A1,PRSNT_A,PCIE_PRSNT_N,J1,B31,PRSNT_B,PCIE_PRESENCE,PCIE_SIDEBAND,,PASSIVE,PCI-SIG_CEM_3.0;NVIDIA_SP-10900-001_v1.2_Table_2-8;Controlled_CEM_Review_Required,Engineering_Assumption,Exact pin uses a public-source baseline; governing controlled specification or footprint cross-probe review remains open
J1,A2,P12V_PIN_SET,P12V_SLOT,U1,5,IN,POWER,12V,,POWER,PCI-SIG_CEM_3.0;TI_TPS25947_REV_C;NVIDIA_SP-10900-001_v1.2_Table_2-8;Controlled_CEM_Review_Required,Engineering_Assumption,Exact pin uses a public-source baseline; governing controlled specification or footprint cross-probe review remains open
J1,A3,P12V_PIN_SET,P12V_SLOT,U1,5,IN,POWER,12V,,POWER,PCI-SIG_CEM_3.0;TI_TPS25947_REV_C;NVIDIA_SP-10900-001_v1.2_Table_2-8;Controlled_CEM_Review_Required,Engineering_Assumption,Exact pin uses a public-source baseline; governing controlled specification or footprint cross-probe review remains open
J1,B1,P12V_PIN_SET,P12V_SLOT,U1,5,IN,POWER,12V,,POWER,PCI-SIG_CEM_3.0;TI_TPS25947_REV_C;NVIDIA_SP-10900-001_v1.2_Table_2-8;Controlled_CEM_Review_Required,Engineering_Assumption,Exact pin uses a public-source baseline; governing controlled specification or footprint cross-probe review remains open
J1,B2,P12V_PIN_SET,P12V_SLOT,U1,5,IN,POWER,12V,,POWER,PCI-SIG_CEM_3.0;TI_TPS25947_REV_C;NVIDIA_SP-10900-001_v1.2_Table_2-8;Controlled_CEM_Review_Required,Engineering_Assumption,Exact pin uses a public-source baseline; governing controlled specification or footprint cross-probe review remains open
J1,B3,P12V_PIN_SET,P12V_SLOT,U1,5,IN,POWER,12V,,POWER,PCI-SIG_CEM_3.0;TI_TPS25947_REV_C;NVIDIA_SP-10900-001_v1.2_Table_2-8;Controlled_CEM_Review_Required,Engineering_Assumption,Exact pin uses a public-source baseline; governing controlled specification or footprint cross-probe review remains open
U1,6,OUT,P12V_PROTECTED,U2,8,VIN,POWER,12V,,POWER,TI_TPS25947_REV_C;TI_TPS543620_REV_C,Engineering_Assumption,U1 OUT and U2 VIN pin functions are official; this board-level connection is the selected architecture
U1,6,OUT,P12V_PROTECTED,U2,12,VIN,POWER,12V,,POWER,TI_TPS25947_REV_C;TI_TPS543620_REV_C,Engineering_Assumption,U1 OUT and U2 VIN pin functions are official; this board-level connection is the selected architecture
U2,10,SW,SW_3V3,L1,1,POWER_IN,SWITCH_NODE,12V_SWITCHING,,POWER,TI_TPS543620_REV_C,Engineering_Assumption,U2 SW pin function is official; L1 local footprint pin numbering still requires audit
U2,13,SW,SW_3V3,L1,1,POWER_IN,SWITCH_NODE,12V_SWITCHING,,POWER,TI_TPS543620_REV_C,Engineering_Assumption,U2 SW pin function is official; this board-level power-stage connection requires layout review
L1,2,POWER_OUT,P3V3_PRE_SENSE,RSH1,I1,FORCE_IN,POWER,3V3,,POWER,TI_TPS543620_REV_C;VISHAY_WSK2512_DATASHEET;VISHAY_WSK2512_30108_REV_2023-12-11,Engineering_Assumption,Exact pin uses a public-source baseline; governing controlled specification or footprint cross-probe review remains open
RSH1,I2,FORCE_OUT,P3V3_NVME,J2,2,P3V3_PIN_SET,POWER,3V3,,POWER,M2_CONTROLLED_SPEC;VISHAY_WSK2512_DATASHEET;NVIDIA_SP-10900-001_v1.2_Table_2-13;Controlled_M2_Review_Required;VISHAY_WSK2512_30108_REV_2023-12-11,Engineering_Assumption,Exact pin uses a public-source baseline; governing controlled specification or footprint cross-probe review remains open
RSH1,I2,FORCE_OUT,P3V3_NVME,J2,4,P3V3_PIN_SET,POWER,3V3,,POWER,M2_CONTROLLED_SPEC;VISHAY_WSK2512_DATASHEET;NVIDIA_SP-10900-001_v1.2_Table_2-13;Controlled_M2_Review_Required;VISHAY_WSK2512_30108_REV_2023-12-11,Engineering_Assumption,Exact pin uses a public-source baseline; governing controlled specification or footprint cross-probe review remains open
RSH1,I2,FORCE_OUT,P3V3_NVME,J2,12,P3V3_PIN_SET,POWER,3V3,,POWER,M2_CONTROLLED_SPEC;VISHAY_WSK2512_DATASHEET;NVIDIA_SP-10900-001_v1.2_Table_2-13;Controlled_M2_Review_Required;VISHAY_WSK2512_30108_REV_2023-12-11,Engineering_Assumption,Exact pin uses a public-source baseline; governing controlled specification or footprint cross-probe review remains open
RSH1,I2,FORCE_OUT,P3V3_NVME,J2,14,P3V3_PIN_SET,POWER,3V3,,POWER,M2_CONTROLLED_SPEC;VISHAY_WSK2512_DATASHEET;NVIDIA_SP-10900-001_v1.2_Table_2-13;Controlled_M2_Review_Required;VISHAY_WSK2512_30108_REV_2023-12-11,Engineering_Assumption,Exact pin uses a public-source baseline; governing controlled specification or footprint cross-probe review remains open
RSH1,I2,FORCE_OUT,P3V3_NVME,J2,16,P3V3_PIN_SET,POWER,3V3,,POWER,M2_CONTROLLED_SPEC;VISHAY_WSK2512_DATASHEET;NVIDIA_SP-10900-001_v1.2_Table_2-13;Controlled_M2_Review_Required;VISHAY_WSK2512_30108_REV_2023-12-11,Engineering_Assumption,Exact pin uses a public-source baseline; governing controlled specification or footprint cross-probe review remains open
RSH1,I2,FORCE_OUT,P3V3_NVME,J2,18,P3V3_PIN_SET,POWER,3V3,,POWER,M2_CONTROLLED_SPEC;VISHAY_WSK2512_DATASHEET;NVIDIA_SP-10900-001_v1.2_Table_2-13;Controlled_M2_Review_Required;VISHAY_WSK2512_30108_REV_2023-12-11,Engineering_Assumption,Exact pin uses a public-source baseline; governing controlled specification or footprint cross-probe review remains open
RSH1,I2,FORCE_OUT,P3V3_NVME,J2,70,P3V3_PIN_SET,POWER,3V3,,POWER,M2_CONTROLLED_SPEC;VISHAY_WSK2512_DATASHEET;NVIDIA_SP-10900-001_v1.2_Table_2-13;Controlled_M2_Review_Required;VISHAY_WSK2512_30108_REV_2023-12-11,Engineering_Assumption,Exact pin uses a public-source baseline; governing controlled specification or footprint cross-probe review remains open
RSH1,I2,FORCE_OUT,P3V3_NVME,J2,72,P3V3_PIN_SET,POWER,3V3,,POWER,M2_CONTROLLED_SPEC;VISHAY_WSK2512_DATASHEET;NVIDIA_SP-10900-001_v1.2_Table_2-13;Controlled_M2_Review_Required;VISHAY_WSK2512_30108_REV_2023-12-11,Engineering_Assumption,Exact pin uses a public-source baseline; governing controlled specification or footprint cross-probe review remains open
RSH1,I2,FORCE_OUT,P3V3_NVME,J2,74,P3V3_PIN_SET,POWER,3V3,,POWER,M2_CONTROLLED_SPEC;VISHAY_WSK2512_DATASHEET;NVIDIA_SP-10900-001_v1.2_Table_2-13;Controlled_M2_Review_Required;VISHAY_WSK2512_30108_REV_2023-12-11,Engineering_Assumption,Exact pin uses a public-source baseline; governing controlled specification or footprint cross-probe review remains open
RSH1,E1,SENSE_IN,SHUNT_SENSE_P,U3,10,IN_P,ANALOG_SENSE,3V3,,ANALOG,TI_INA238_REV_B;VISHAY_WSK2512_DATASHEET;VISHAY_WSK2512_30108_REV_2023-12-11,Engineering_Assumption,Exact pin uses a public-source baseline; governing controlled specification or footprint cross-probe review remains open
RSH1,E2,SENSE_OUT,SHUNT_SENSE_N,U3,9,IN_N,ANALOG_SENSE,3V3,,ANALOG,TI_INA238_REV_B;VISHAY_WSK2512_DATASHEET;VISHAY_WSK2512_30108_REV_2023-12-11,Engineering_Assumption,Exact pin uses a public-source baseline; governing controlled specification or footprint cross-probe review remains open
RSH1,I2,FORCE_OUT,P3V3_NVME,U3,8,VBUS,ANALOG_SENSE,3V3,,ANALOG,TI_INA238_REV_B;VISHAY_WSK2512_DATASHEET;VISHAY_WSK2512_30108_REV_2023-12-11,Engineering_Assumption,Exact pin uses a public-source baseline; governing controlled specification or footprint cross-probe review remains open
RSH1,I2,FORCE_OUT,P3V3_NVME,FB1,1,IN,POWER,3V3,,POWER,TELEMETRY_POWER_ARCHITECTURE;VISHAY_WSK2512_30108_REV_2023-12-11,Engineering_Assumption,Exact pin uses a public-source baseline; governing controlled specification or footprint cross-probe review remains open
FB1,2,OUT,P3V3_AUX,U3,6,VS,POWER,3V3,,POWER,TI_INA238_REV_B,Engineering_Assumption,Aux rail is telemetry-only and not PCIe 3V3aux
FB1,2,OUT,P3V3_AUX,U4,8,V_PLUS,POWER,3V3,,POWER,TI_TMP1075_REV_F,Engineering_Assumption,Aux rail is telemetry-only and not PCIe 3V3aux
U3,5,SCL,I2C_SCL,U4,2,SCL,I2C_OPEN_DRAIN,3V3,,BIDIRECTIONAL,TI_INA238_REV_B;TI_TMP1075_REV_F,Engineering_Assumption,U3 and U4 pin functions are official; sharing this project-defined bus requires address review
U4,2,SCL,I2C_SCL,J3,2,SCL,I2C_OPEN_DRAIN,3V3,,BIDIRECTIONAL,INTERFACE_DEFINITION,Engineering_Assumption,J3 logical pinout is project-defined
U3,4,SDA,I2C_SDA,U4,1,SDA,I2C_OPEN_DRAIN,3V3,,BIDIRECTIONAL,TI_INA238_REV_B;TI_TMP1075_REV_F,Engineering_Assumption,U3 and U4 pin functions are official; sharing this project-defined bus requires address review
U4,1,SDA,I2C_SDA,J3,3,SDA,I2C_OPEN_DRAIN,3V3,,BIDIRECTIONAL,INTERFACE_DEFINITION,Engineering_Assumption,J3 logical pinout is project-defined
U3,3,ALERT,INA_ALERT_N,TP7,1,TEST,OPEN_DRAIN_ALERT,3V3,,OUTPUT,TI_INA238_REV_B,Engineering_Assumption,U3 ALERT function is official; TP7 routing and pull-up are project-defined
U4,3,ALERT,TEMP_ALERT_N,TP8,1,TEST,OPEN_DRAIN_ALERT,3V3,,OUTPUT,TI_TMP1075_REV_F,Engineering_Assumption,U4 ALERT function is official; TP8 routing and pull-up are project-defined
U2,3,PGOOD,PGOOD_3V3,TP6,1,TEST,OPEN_DRAIN_POWER_GOOD,3V3,,OUTPUT,TI_TPS543620_REV_C,Engineering_Assumption,U2 PGOOD function is official; TP6 routing and P3V3_AUX pull-up are project-defined
FB1,2,OUT,P3V3_AUX,U5,7,VIN,POWER_SENSE,3V3,,POWER,ADI_ADP198_REV_G;INTERFACE_DEFINITION,Engineering_Assumption,U5 provides reverse-current blocking for the header sense path
FB1,2,OUT,P3V3_AUX,U5,8,VIN,POWER_SENSE,3V3,,POWER,ADI_ADP198_REV_G;INTERFACE_DEFINITION,Engineering_Assumption,Parallel VIN pin required by official package definition
FB1,2,OUT,P3V3_AUX,U5,6,EN,POWER_SENSE_ENABLE,3V3,,POWER,ADI_ADP198_REV_G;INTERFACE_DEFINITION,Engineering_Assumption,Always enabled when the internal telemetry rail is present
U5,1,VOUT,P3V3_SENSE_PROTECTED,RISO1,1,IN,POWER_SENSE,3V3,,OUTPUT,ADI_ADP198_REV_G;INTERFACE_DEFINITION,Engineering_Assumption,VOUT pins 1 and 2 are paralleled; RISO1 bounds accidental short current
U5,2,VOUT,P3V3_SENSE_PROTECTED,RISO1,1,IN,POWER_SENSE,3V3,,OUTPUT,ADI_ADP198_REV_G;INTERFACE_DEFINITION,Engineering_Assumption,VOUT pins 1 and 2 are paralleled per official package definition
RISO1,2,OUT,P3V3_SENSE_OUT,J3,4,3V3_SENSE,POWER_SENSE,3V3,,OUTPUT,ADI_ADP198_REV_G;INTERFACE_DEFINITION,Engineering_Assumption,External load must be high impedance; reverse-drive leakage and short current require bench verification
U5,3,GND,GND,U5,4,SEL1,GROUND_STRAP,GND,,PASSIVE,ADI_ADP198_REV_G;INTERFACE_DEFINITION,Engineering_Assumption,SEL code 00 is preliminary and must be reviewed before freeze
U5,3,GND,GND,U5,5,SEL0,GROUND_STRAP,GND,,PASSIVE,ADI_ADP198_REV_G;INTERFACE_DEFINITION,Engineering_Assumption,SEL code 00 is preliminary and must be reviewed before freeze
U5,3,GND,GND,U5,EP,GND,GROUND,GND,,PASSIVE,ADI_ADP198_REV_G,Confirmed_Official,Exposed pad ground connection required by official datasheet
J3,1,GND,GND,U3,7,GND,GROUND,GND,,PASSIVE,TI_INA238_REV_B;INTERFACE_DEFINITION,Engineering_Assumption,Shared solid ground; J3 pinout is project-defined
J3,1,GND,GND,U4,4,GND,GROUND,GND,,PASSIVE,TI_TMP1075_REV_F;INTERFACE_DEFINITION,Engineering_Assumption,Shared solid ground; J3 pinout is project-defined
J1,A2,P12V_PIN_SET,P12V_SLOT,TP1,1,TEST,POWER_TESTPOINT,12V,,POWER,PCI-SIG_CEM_3.0;INTERFACE_DEFINITION;NVIDIA_SP-10900-001_v1.2_Table_2-8;Controlled_CEM_Review_Required,Engineering_Assumption,Exact pin uses a public-source baseline; governing controlled specification or footprint cross-probe review remains open
J1,A3,P12V_PIN_SET,P12V_SLOT,TP1,1,TEST,POWER_TESTPOINT,12V,,POWER,PCI-SIG_CEM_3.0;INTERFACE_DEFINITION;NVIDIA_SP-10900-001_v1.2_Table_2-8;Controlled_CEM_Review_Required,Engineering_Assumption,Exact pin uses a public-source baseline; governing controlled specification or footprint cross-probe review remains open
J1,B1,P12V_PIN_SET,P12V_SLOT,TP1,1,TEST,POWER_TESTPOINT,12V,,POWER,PCI-SIG_CEM_3.0;INTERFACE_DEFINITION;NVIDIA_SP-10900-001_v1.2_Table_2-8;Controlled_CEM_Review_Required,Engineering_Assumption,Exact pin uses a public-source baseline; governing controlled specification or footprint cross-probe review remains open
J1,B2,P12V_PIN_SET,P12V_SLOT,TP1,1,TEST,POWER_TESTPOINT,12V,,POWER,PCI-SIG_CEM_3.0;INTERFACE_DEFINITION;NVIDIA_SP-10900-001_v1.2_Table_2-8;Controlled_CEM_Review_Required,Engineering_Assumption,Exact pin uses a public-source baseline; governing controlled specification or footprint cross-probe review remains open
J1,B3,P12V_PIN_SET,P12V_SLOT,TP1,1,TEST,POWER_TESTPOINT,12V,,POWER,PCI-SIG_CEM_3.0;INTERFACE_DEFINITION;NVIDIA_SP-10900-001_v1.2_Table_2-8;Controlled_CEM_Review_Required,Engineering_Assumption,Exact pin uses a public-source baseline; governing controlled specification or footprint cross-probe review remains open
U1,6,OUT,P12V_PROTECTED,TP2,1,TEST,POWER_TESTPOINT,12V,,POWER,TI_TPS25947_REV_C;INTERFACE_DEFINITION,Engineering_Assumption,U1 OUT function is official; TP2 mapping is project-defined
L1,2,POWER_OUT,P3V3_PRE_SENSE,TP3,1,TEST,POWER_TESTPOINT,3V3,,POWER,TI_TPS543620_REV_C;INTERFACE_DEFINITION,Pending_Human_Verification,L1 exact footprint pin audit remains pending
RSH1,I2,FORCE_OUT,P3V3_NVME,TP4,1,TEST,POWER_TESTPOINT,3V3,,POWER,VISHAY_WSK2512_DATASHEET;INTERFACE_DEFINITION;VISHAY_WSK2512_30108_REV_2023-12-11,Engineering_Assumption,Exact pin uses a public-source baseline; governing controlled specification or footprint cross-probe review remains open
FB1,2,OUT,P3V3_AUX,TP5,1,TEST,POWER_TESTPOINT,3V3,,POWER,INTERFACE_DEFINITION,Engineering_Assumption,TP5 provides dedicated telemetry-rail access
J3,1,GND,GND,TP9,1,TEST,GROUND_TESTPOINT,GND,,PASSIVE,INTERFACE_DEFINITION,Engineering_Assumption,TP9 is the designated probe ground
J1,A4,GND_PIN_SET,GND,J3,1,GND,GROUND,GND,,PASSIVE,PCI-SIG_CEM_3.0;INTERFACE_DEFINITION;NVIDIA_SP-10900-001_v1.2_Table_2-8;Controlled_CEM_Review_Required,Engineering_Assumption,Exact pin uses a public-source baseline; governing controlled specification or footprint cross-probe review remains open
J1,A12,GND_PIN_SET,GND,J3,1,GND,GROUND,GND,,PASSIVE,PCI-SIG_CEM_3.0;INTERFACE_DEFINITION;NVIDIA_SP-10900-001_v1.2_Table_2-8;Controlled_CEM_Review_Required,Engineering_Assumption,Exact pin uses a public-source baseline; governing controlled specification or footprint cross-probe review remains open
J1,A15,GND_PIN_SET,GND,J3,1,GND,GROUND,GND,,PASSIVE,PCI-SIG_CEM_3.0;INTERFACE_DEFINITION;NVIDIA_SP-10900-001_v1.2_Table_2-8;Controlled_CEM_Review_Required,Engineering_Assumption,Exact pin uses a public-source baseline; governing controlled specification or footprint cross-probe review remains open
J1,A18,GND_PIN_SET,GND,J3,1,GND,GROUND,GND,,PASSIVE,PCI-SIG_CEM_3.0;INTERFACE_DEFINITION;NVIDIA_SP-10900-001_v1.2_Table_2-8;Controlled_CEM_Review_Required,Engineering_Assumption,Exact pin uses a public-source baseline; governing controlled specification or footprint cross-probe review remains open
J1,A20,GND_PIN_SET,GND,J3,1,GND,GROUND,GND,,PASSIVE,PCI-SIG_CEM_3.0;INTERFACE_DEFINITION;NVIDIA_SP-10900-001_v1.2_Table_2-8;Controlled_CEM_Review_Required,Engineering_Assumption,Exact pin uses a public-source baseline; governing controlled specification or footprint cross-probe review remains open
J1,A23,GND_PIN_SET,GND,J3,1,GND,GROUND,GND,,PASSIVE,PCI-SIG_CEM_3.0;INTERFACE_DEFINITION;NVIDIA_SP-10900-001_v1.2_Table_2-8;Controlled_CEM_Review_Required,Engineering_Assumption,Exact pin uses a public-source baseline; governing controlled specification or footprint cross-probe review remains open
J1,A24,GND_PIN_SET,GND,J3,1,GND,GROUND,GND,,PASSIVE,PCI-SIG_CEM_3.0;INTERFACE_DEFINITION;NVIDIA_SP-10900-001_v1.2_Table_2-8;Controlled_CEM_Review_Required,Engineering_Assumption,Exact pin uses a public-source baseline; governing controlled specification or footprint cross-probe review remains open
J1,A27,GND_PIN_SET,GND,J3,1,GND,GROUND,GND,,PASSIVE,PCI-SIG_CEM_3.0;INTERFACE_DEFINITION;NVIDIA_SP-10900-001_v1.2_Table_2-8;Controlled_CEM_Review_Required,Engineering_Assumption,Exact pin uses a public-source baseline; governing controlled specification or footprint cross-probe review remains open
J1,A28,GND_PIN_SET,GND,J3,1,GND,GROUND,GND,,PASSIVE,PCI-SIG_CEM_3.0;INTERFACE_DEFINITION;NVIDIA_SP-10900-001_v1.2_Table_2-8;Controlled_CEM_Review_Required,Engineering_Assumption,Exact pin uses a public-source baseline; governing controlled specification or footprint cross-probe review remains open
J1,A31,GND_PIN_SET,GND,J3,1,GND,GROUND,GND,,PASSIVE,PCI-SIG_CEM_3.0;INTERFACE_DEFINITION;NVIDIA_SP-10900-001_v1.2_Table_2-8;Controlled_CEM_Review_Required,Engineering_Assumption,Exact pin uses a public-source baseline; governing controlled specification or footprint cross-probe review remains open
J1,B4,GND_PIN_SET,GND,J3,1,GND,GROUND,GND,,PASSIVE,PCI-SIG_CEM_3.0;INTERFACE_DEFINITION;NVIDIA_SP-10900-001_v1.2_Table_2-8;Controlled_CEM_Review_Required,Engineering_Assumption,Exact pin uses a public-source baseline; governing controlled specification or footprint cross-probe review remains open
J1,B7,GND_PIN_SET,GND,J3,1,GND,GROUND,GND,,PASSIVE,PCI-SIG_CEM_3.0;INTERFACE_DEFINITION;NVIDIA_SP-10900-001_v1.2_Table_2-8;Controlled_CEM_Review_Required,Engineering_Assumption,Exact pin uses a public-source baseline; governing controlled specification or footprint cross-probe review remains open
J1,B13,GND_PIN_SET,GND,J3,1,GND,GROUND,GND,,PASSIVE,PCI-SIG_CEM_3.0;INTERFACE_DEFINITION;NVIDIA_SP-10900-001_v1.2_Table_2-8;Controlled_CEM_Review_Required,Engineering_Assumption,Exact pin uses a public-source baseline; governing controlled specification or footprint cross-probe review remains open
J1,B16,GND_PIN_SET,GND,J3,1,GND,GROUND,GND,,PASSIVE,PCI-SIG_CEM_3.0;INTERFACE_DEFINITION;NVIDIA_SP-10900-001_v1.2_Table_2-8;Controlled_CEM_Review_Required,Engineering_Assumption,Exact pin uses a public-source baseline; governing controlled specification or footprint cross-probe review remains open
J1,B18,GND_PIN_SET,GND,J3,1,GND,GROUND,GND,,PASSIVE,PCI-SIG_CEM_3.0;INTERFACE_DEFINITION;NVIDIA_SP-10900-001_v1.2_Table_2-8;Controlled_CEM_Review_Required,Engineering_Assumption,Exact pin uses a public-source baseline; governing controlled specification or footprint cross-probe review remains open
J1,B21,GND_PIN_SET,GND,J3,1,GND,GROUND,GND,,PASSIVE,PCI-SIG_CEM_3.0;INTERFACE_DEFINITION;NVIDIA_SP-10900-001_v1.2_Table_2-8;Controlled_CEM_Review_Required,Engineering_Assumption,Exact pin uses a public-source baseline; governing controlled specification or footprint cross-probe review remains open
J1,B22,GND_PIN_SET,GND,J3,1,GND,GROUND,GND,,PASSIVE,PCI-SIG_CEM_3.0;INTERFACE_DEFINITION;NVIDIA_SP-10900-001_v1.2_Table_2-8;Controlled_CEM_Review_Required,Engineering_Assumption,Exact pin uses a public-source baseline; governing controlled specification or footprint cross-probe review remains open
J1,B25,GND_PIN_SET,GND,J3,1,GND,GROUND,GND,,PASSIVE,PCI-SIG_CEM_3.0;INTERFACE_DEFINITION;NVIDIA_SP-10900-001_v1.2_Table_2-8;Controlled_CEM_Review_Required,Engineering_Assumption,Exact pin uses a public-source baseline; governing controlled specification or footprint cross-probe review remains open
J1,B26,GND_PIN_SET,GND,J3,1,GND,GROUND,GND,,PASSIVE,PCI-SIG_CEM_3.0;INTERFACE_DEFINITION;NVIDIA_SP-10900-001_v1.2_Table_2-8;Controlled_CEM_Review_Required,Engineering_Assumption,Exact pin uses a public-source baseline; governing controlled specification or footprint cross-probe review remains open
J1,B29,GND_PIN_SET,GND,J3,1,GND,GROUND,GND,,PASSIVE,PCI-SIG_CEM_3.0;INTERFACE_DEFINITION;NVIDIA_SP-10900-001_v1.2_Table_2-8;Controlled_CEM_Review_Required,Engineering_Assumption,Exact pin uses a public-source baseline; governing controlled specification or footprint cross-probe review remains open
J1,B32,GND_PIN_SET,GND,J3,1,GND,GROUND,GND,,PASSIVE,PCI-SIG_CEM_3.0;INTERFACE_DEFINITION;NVIDIA_SP-10900-001_v1.2_Table_2-8;Controlled_CEM_Review_Required,Engineering_Assumption,Exact pin uses a public-source baseline; governing controlled specification or footprint cross-probe review remains open
J2,1,GND_PIN_SET,GND,J3,1,GND,GROUND,GND,,PASSIVE,M2_CONTROLLED_SPEC;INTERFACE_DEFINITION;NVIDIA_SP-10900-001_v1.2_Table_2-13;Controlled_M2_Review_Required,Engineering_Assumption,Exact pin uses a public-source baseline; governing controlled specification or footprint cross-probe review remains open
J2,3,GND_PIN_SET,GND,J3,1,GND,GROUND,GND,,PASSIVE,M2_CONTROLLED_SPEC;INTERFACE_DEFINITION;NVIDIA_SP-10900-001_v1.2_Table_2-13;Controlled_M2_Review_Required,Engineering_Assumption,Exact pin uses a public-source baseline; governing controlled specification or footprint cross-probe review remains open
J2,9,GND_PIN_SET,GND,J3,1,GND,GROUND,GND,,PASSIVE,M2_CONTROLLED_SPEC;INTERFACE_DEFINITION;NVIDIA_SP-10900-001_v1.2_Table_2-13;Controlled_M2_Review_Required,Engineering_Assumption,Exact pin uses a public-source baseline; governing controlled specification or footprint cross-probe review remains open
J2,15,GND_PIN_SET,GND,J3,1,GND,GROUND,GND,,PASSIVE,M2_CONTROLLED_SPEC;INTERFACE_DEFINITION;NVIDIA_SP-10900-001_v1.2_Table_2-13;Controlled_M2_Review_Required,Engineering_Assumption,Exact pin uses a public-source baseline; governing controlled specification or footprint cross-probe review remains open
J2,21,GND_PIN_SET,GND,J3,1,GND,GROUND,GND,,PASSIVE,M2_CONTROLLED_SPEC;INTERFACE_DEFINITION;NVIDIA_SP-10900-001_v1.2_Table_2-13;Controlled_M2_Review_Required,Engineering_Assumption,Exact pin uses a public-source baseline; governing controlled specification or footprint cross-probe review remains open
J2,27,GND_PIN_SET,GND,J3,1,GND,GROUND,GND,,PASSIVE,M2_CONTROLLED_SPEC;INTERFACE_DEFINITION;NVIDIA_SP-10900-001_v1.2_Table_2-13;Controlled_M2_Review_Required,Engineering_Assumption,Exact pin uses a public-source baseline; governing controlled specification or footprint cross-probe review remains open
J2,33,GND_PIN_SET,GND,J3,1,GND,GROUND,GND,,PASSIVE,M2_CONTROLLED_SPEC;INTERFACE_DEFINITION;NVIDIA_SP-10900-001_v1.2_Table_2-13;Controlled_M2_Review_Required,Engineering_Assumption,Exact pin uses a public-source baseline; governing controlled specification or footprint cross-probe review remains open
J2,39,GND_PIN_SET,GND,J3,1,GND,GROUND,GND,,PASSIVE,M2_CONTROLLED_SPEC;INTERFACE_DEFINITION;NVIDIA_SP-10900-001_v1.2_Table_2-13;Controlled_M2_Review_Required,Engineering_Assumption,Exact pin uses a public-source baseline; governing controlled specification or footprint cross-probe review remains open
J2,45,GND_PIN_SET,GND,J3,1,GND,GROUND,GND,,PASSIVE,M2_CONTROLLED_SPEC;INTERFACE_DEFINITION;NVIDIA_SP-10900-001_v1.2_Table_2-13;Controlled_M2_Review_Required,Engineering_Assumption,Exact pin uses a public-source baseline; governing controlled specification or footprint cross-probe review remains open
J2,51,GND_PIN_SET,GND,J3,1,GND,GROUND,GND,,PASSIVE,M2_CONTROLLED_SPEC;INTERFACE_DEFINITION;NVIDIA_SP-10900-001_v1.2_Table_2-13;Controlled_M2_Review_Required,Engineering_Assumption,Exact pin uses a public-source baseline; governing controlled specification or footprint cross-probe review remains open
J2,57,GND_PIN_SET,GND,J3,1,GND,GROUND,GND,,PASSIVE,M2_CONTROLLED_SPEC;INTERFACE_DEFINITION;NVIDIA_SP-10900-001_v1.2_Table_2-13;Controlled_M2_Review_Required,Engineering_Assumption,Exact pin uses a public-source baseline; governing controlled specification or footprint cross-probe review remains open
J2,71,GND_PIN_SET,GND,J3,1,GND,GROUND,GND,,PASSIVE,M2_CONTROLLED_SPEC;INTERFACE_DEFINITION;NVIDIA_SP-10900-001_v1.2_Table_2-13;Controlled_M2_Review_Required,Engineering_Assumption,Exact pin uses a public-source baseline; governing controlled specification or footprint cross-probe review remains open
J2,73,GND_PIN_SET,GND,J3,1,GND,GROUND,GND,,PASSIVE,M2_CONTROLLED_SPEC;INTERFACE_DEFINITION;NVIDIA_SP-10900-001_v1.2_Table_2-13;Controlled_M2_Review_Required,Engineering_Assumption,Exact pin uses a public-source baseline; governing controlled specification or footprint cross-probe review remains open
J2,75,GND_PIN_SET,GND,J3,1,GND,GROUND,GND,,PASSIVE,M2_CONTROLLED_SPEC;INTERFACE_DEFINITION;NVIDIA_SP-10900-001_v1.2_Table_2-13;Controlled_M2_Review_Required,Engineering_Assumption,Exact pin uses a public-source baseline; governing controlled specification or footprint cross-probe review remains open
J1,A2,P12V_PIN_SET,P12V_SLOT,C1,1,POS,POWER_DECOUPLING,12V,,POWER,PCI-SIG_CEM_3.0;TI_TPS25947_REV_C;NVIDIA_SP-10900-001_v1.2_Table_2-8;Controlled_CEM_Review_Required,Engineering_Assumption,Exact pin uses a public-source baseline; governing controlled specification or footprint cross-probe review remains open
J1,A3,P12V_PIN_SET,P12V_SLOT,C1,1,POS,POWER_DECOUPLING,12V,,POWER,PCI-SIG_CEM_3.0;TI_TPS25947_REV_C;NVIDIA_SP-10900-001_v1.2_Table_2-8;Controlled_CEM_Review_Required,Engineering_Assumption,Exact pin uses a public-source baseline; governing controlled specification or footprint cross-probe review remains open
J1,B1,P12V_PIN_SET,P12V_SLOT,C1,1,POS,POWER_DECOUPLING,12V,,POWER,PCI-SIG_CEM_3.0;TI_TPS25947_REV_C;NVIDIA_SP-10900-001_v1.2_Table_2-8;Controlled_CEM_Review_Required,Engineering_Assumption,Exact pin uses a public-source baseline; governing controlled specification or footprint cross-probe review remains open
J1,B2,P12V_PIN_SET,P12V_SLOT,C1,1,POS,POWER_DECOUPLING,12V,,POWER,PCI-SIG_CEM_3.0;TI_TPS25947_REV_C;NVIDIA_SP-10900-001_v1.2_Table_2-8;Controlled_CEM_Review_Required,Engineering_Assumption,Exact pin uses a public-source baseline; governing controlled specification or footprint cross-probe review remains open
J1,B3,P12V_PIN_SET,P12V_SLOT,C1,1,POS,POWER_DECOUPLING,12V,,POWER,PCI-SIG_CEM_3.0;TI_TPS25947_REV_C;NVIDIA_SP-10900-001_v1.2_Table_2-8;Controlled_CEM_Review_Required,Engineering_Assumption,Exact pin uses a public-source baseline; governing controlled specification or footprint cross-probe review remains open
C1,2,NEG,GND,J3,1,GND,GROUND_RETURN,GND,,PASSIVE,TI_TPS25947_REV_C,Engineering_Assumption,Return directly to the eFuse input ground region
J1,A2,P12V_PIN_SET,P12V_SLOT,D2,1,CATHODE,OPTIONAL_TVS,12V,,POWER,PCI-SIG_CEM_3.0;LITTELFUSE_SMBJ_DATASHEET;NVIDIA_SP-10900-001_v1.2_Table_2-8;Controlled_CEM_Review_Required,Engineering_Assumption,Exact pin uses a public-source baseline; governing controlled specification or footprint cross-probe review remains open
J1,A3,P12V_PIN_SET,P12V_SLOT,D2,1,CATHODE,OPTIONAL_TVS,12V,,POWER,PCI-SIG_CEM_3.0;LITTELFUSE_SMBJ_DATASHEET;NVIDIA_SP-10900-001_v1.2_Table_2-8;Controlled_CEM_Review_Required,Engineering_Assumption,Exact pin uses a public-source baseline; governing controlled specification or footprint cross-probe review remains open
J1,B1,P12V_PIN_SET,P12V_SLOT,D2,1,CATHODE,OPTIONAL_TVS,12V,,POWER,PCI-SIG_CEM_3.0;LITTELFUSE_SMBJ_DATASHEET;NVIDIA_SP-10900-001_v1.2_Table_2-8;Controlled_CEM_Review_Required,Engineering_Assumption,Exact pin uses a public-source baseline; governing controlled specification or footprint cross-probe review remains open
J1,B2,P12V_PIN_SET,P12V_SLOT,D2,1,CATHODE,OPTIONAL_TVS,12V,,POWER,PCI-SIG_CEM_3.0;LITTELFUSE_SMBJ_DATASHEET;NVIDIA_SP-10900-001_v1.2_Table_2-8;Controlled_CEM_Review_Required,Engineering_Assumption,Exact pin uses a public-source baseline; governing controlled specification or footprint cross-probe review remains open
J1,B3,P12V_PIN_SET,P12V_SLOT,D2,1,CATHODE,OPTIONAL_TVS,12V,,POWER,PCI-SIG_CEM_3.0;LITTELFUSE_SMBJ_DATASHEET;NVIDIA_SP-10900-001_v1.2_Table_2-8;Controlled_CEM_Review_Required,Engineering_Assumption,Exact pin uses a public-source baseline; governing controlled specification or footprint cross-probe review remains open
D2,2,ANODE,GND,J3,1,GND,GROUND_RETURN,GND,,PASSIVE,LITTELFUSE_SMBJ_DATASHEET,Pending_Human_Verification,DNP footprint only
J1,A2,P12V_PIN_SET,P12V_SLOT,R1,1,TOP,ANALOG_DIVIDER,12V,,ANALOG,PCI-SIG_CEM_3.0;TI_TPS25947_REV_C;NVIDIA_SP-10900-001_v1.2_Table_2-8;Controlled_CEM_Review_Required,Engineering_Assumption,Exact pin uses a public-source baseline; governing controlled specification or footprint cross-probe review remains open
J1,A3,P12V_PIN_SET,P12V_SLOT,R1,1,TOP,ANALOG_DIVIDER,12V,,ANALOG,PCI-SIG_CEM_3.0;TI_TPS25947_REV_C;NVIDIA_SP-10900-001_v1.2_Table_2-8;Controlled_CEM_Review_Required,Engineering_Assumption,Exact pin uses a public-source baseline; governing controlled specification or footprint cross-probe review remains open
J1,B1,P12V_PIN_SET,P12V_SLOT,R1,1,TOP,ANALOG_DIVIDER,12V,,ANALOG,PCI-SIG_CEM_3.0;TI_TPS25947_REV_C;NVIDIA_SP-10900-001_v1.2_Table_2-8;Controlled_CEM_Review_Required,Engineering_Assumption,Exact pin uses a public-source baseline; governing controlled specification or footprint cross-probe review remains open
J1,B2,P12V_PIN_SET,P12V_SLOT,R1,1,TOP,ANALOG_DIVIDER,12V,,ANALOG,PCI-SIG_CEM_3.0;TI_TPS25947_REV_C;NVIDIA_SP-10900-001_v1.2_Table_2-8;Controlled_CEM_Review_Required,Engineering_Assumption,Exact pin uses a public-source baseline; governing controlled specification or footprint cross-probe review remains open
J1,B3,P12V_PIN_SET,P12V_SLOT,R1,1,TOP,ANALOG_DIVIDER,12V,,ANALOG,PCI-SIG_CEM_3.0;TI_TPS25947_REV_C;NVIDIA_SP-10900-001_v1.2_Table_2-8;Controlled_CEM_Review_Required,Engineering_Assumption,Exact pin uses a public-source baseline; governing controlled specification or footprint cross-probe review remains open
R1,2,BOTTOM,EFUSE_EN_UVLO,U1,1,EN_UVLO,ANALOG_CONTROL,12V,,ANALOG,TI_TPS25947_REV_C,Pending_Human_Verification,Divider threshold is a Power Design Freeze blocker
U1,1,EN_UVLO,EFUSE_EN_UVLO,R2,1,TOP,ANALOG_CONTROL,12V,,ANALOG,TI_TPS25947_REV_C,Pending_Human_Verification,R2 value waits for controlled slot operating limits
R2,2,BOTTOM,GND,J3,1,GND,GROUND_RETURN,GND,,PASSIVE,TI_TPS25947_REV_C,Pending_Human_Verification,Do not populate final value before UVLO tolerance review
U1,2,OVCSEL,EFUSE_OVCSEL,R3,1,TOP,ANALOG_CONTROL,12V,,ANALOG,TI_TPS25947_REV_C,Pending_Human_Verification,R3 value waits for the controlled transient envelope and clamp coordination
R3,2,BOTTOM,GND,J3,1,GND,GROUND_RETURN,GND,,PASSIVE,TI_TPS25947_REV_C,Pending_Human_Verification,OVCSEL setting is a Power Design Freeze blocker
U1,6,OUT,P12V_PROTECTED,R4,1,TOP,ANALOG_DIVIDER,12V,,ANALOG,TI_TPS25947_REV_C,Pending_Human_Verification,R4 value waits for approved PG threshold
R4,2,BOTTOM,EFUSE_PGTH,U1,4,PGTH,ANALOG_CONTROL,12V,,ANALOG,TI_TPS25947_REV_C,Pending_Human_Verification,PGTH setting is not frozen
U1,4,PGTH,EFUSE_PGTH,R5,1,TOP,ANALOG_CONTROL,12V,,ANALOG,TI_TPS25947_REV_C,Pending_Human_Verification,R5 value waits for approved PG threshold
R5,2,BOTTOM,GND,J3,1,GND,GROUND_RETURN,GND,,PASSIVE,TI_TPS25947_REV_C,Pending_Human_Verification,PGTH setting is not frozen
U1,7,DVDT,EFUSE_DVDT,C2,1,POS,ANALOG_TIMING,ANALOG_CTRL,,ANALOG,TI_TPS25947_REV_C,Pending_Human_Verification,C2 value must follow confirmed slot inrush review
C2,2,NEG,GND,J3,1,GND,GROUND_RETURN,GND,,PASSIVE,TI_TPS25947_REV_C,Pending_Human_Verification,dVdt capacitor remains a Power Design Freeze blocker
U1,9,ILM,EFUSE_ILM,R6,1,TOP,ANALOG_CONTROL,ANALOG_CTRL,,ANALOG,TI_TPS25947_REV_C,Pending_Human_Verification,RILM uses the TI equation only after slot and downstream coordination
R6,2,BOTTOM,GND,J3,1,GND,GROUND_RETURN,GND,,PASSIVE,TI_TPS25947_REV_C,Pending_Human_Verification,No preliminary ILIM value is released
U1,10,ITIMER,EFUSE_ITIMER,C3,1,POS,ANALOG_TIMING,ANALOG_CTRL,,ANALOG,TI_TPS25947_REV_C,Pending_Human_Verification,ITIMER value must coordinate SOA inrush and fault behavior
C3,2,NEG,GND,J3,1,GND,GROUND_RETURN,GND,,PASSIVE,TI_TPS25947_REV_C,Pending_Human_Verification,ITIMER remains a Power Design Freeze blocker
J3,1,GND,GND,U1,8,GND,GROUND,GND,,PASSIVE,TI_TPS25947_REV_C;INTERFACE_DEFINITION,Engineering_Assumption,U1 ground pin function is official; board-ground routing is project-defined
FB1,2,OUT,P3V3_AUX,R7,1,TOP,PULLUP,3V3,,POWER,TI_TPS25947_REV_C;TELEMETRY_POWER_ARCHITECTURE,Engineering_Assumption,PG pull-up is available only after the local 3.3 V rail starts
R7,2,BOTTOM,PGOOD_12V,U1,3,PG,OPEN_DRAIN_POWER_GOOD,3V3,,OUTPUT,TI_TPS25947_REV_C,Engineering_Assumption,PGOOD_12V is an internal diagnostic and does not enable U2
U1,6,OUT,P12V_PROTECTED,C4,1,POS,POWER_DECOUPLING,12V,,POWER,TI_TPS543620_REV_C,Engineering_Assumption,C4 is one of two local 10 uF input ceramics
U1,6,OUT,P12V_PROTECTED,C5,1,POS,POWER_DECOUPLING,12V,,POWER,TI_TPS543620_REV_C,Engineering_Assumption,C5 is one of two local 10 uF input ceramics
U1,6,OUT,P12V_PROTECTED,C6,1,POS,HF_DECOUPLING,12V,,POWER,TI_TPS543620_REV_C,Engineering_Assumption,C6 is a local VIN high-frequency bypass
U1,6,OUT,P12V_PROTECTED,C7,1,POS,HF_DECOUPLING,12V,,POWER,TI_TPS543620_REV_C,Engineering_Assumption,C7 is a local VIN high-frequency bypass
C4,2,NEG,GND,J3,1,GND,POWER_RETURN,GND,,PASSIVE,TI_TPS543620_REV_C,Engineering_Assumption,Close the VIN to PGND high-di-dt loop
C5,2,NEG,GND,J3,1,GND,POWER_RETURN,GND,,PASSIVE,TI_TPS543620_REV_C,Engineering_Assumption,Close the VIN to PGND high-di-dt loop
C6,2,NEG,GND,J3,1,GND,POWER_RETURN,GND,,PASSIVE,TI_TPS543620_REV_C,Engineering_Assumption,Close the VIN to PGND high-di-dt loop
C7,2,NEG,GND,J3,1,GND,POWER_RETURN,GND,,PASSIVE,TI_TPS543620_REV_C,Engineering_Assumption,Close the VIN to PGND high-di-dt loop
U2,1,SYNC_FSEL,BUCK_FSEL,R8,1,TOP,ANALOG_CONTROL,ANALOG_CTRL,,ANALOG,TI_TPS543620_REV_C,Engineering_Assumption,11.8 kOhm selects the 1 MHz Rev A starting point
R8,2,BOTTOM,GND,J3,1,GND,GROUND_RETURN,GND,,PASSIVE,TI_TPS543620_REV_C,Engineering_Assumption,Use one percent tolerance or better
U2,2,MODE,BUCK_MODE,R9,1,TOP,ANALOG_CONTROL,ANALOG_CTRL,,ANALOG,TI_TPS543620_REV_C,Engineering_Assumption,11.3 kOhm selects High current limit CRAMP 4 pF and 1 ms soft-start
R9,2,BOTTOM,GND,J3,1,GND,GROUND_RETURN,GND,,PASSIVE,TI_TPS543620_REV_C,Engineering_Assumption,Use one percent tolerance or better
U1,6,OUT,P12V_PROTECTED,R10,1,TOP,ANALOG_DIVIDER,12V,,ANALOG,TI_TPS543620_REV_C,Engineering_Assumption,R10 16.9 kOhm follows the TI 3.3 V reference starting point
R10,2,BOTTOM,BUCK_EN,U2,7,EN,ANALOG_CONTROL,12V,,ANALOG,TI_TPS543620_REV_C,Engineering_Assumption,Verify eFuse ramp and buck EN interaction in startup simulation
U2,7,EN,BUCK_EN,R11,1,TOP,ANALOG_CONTROL,12V,,ANALOG,TI_TPS543620_REV_C,Engineering_Assumption,R11 6.04 kOhm follows the TI 3.3 V reference starting point
R11,2,BOTTOM,GND,J3,1,GND,GROUND_RETURN,GND,,PASSIVE,TI_TPS543620_REV_C,Engineering_Assumption,Final threshold requires tolerance review
U2,6,BP5,BP5,C8,1,POS,LOCAL_DECOUPLING,5V_INTERNAL,,POWER,TI_TPS543620_REV_C,Engineering_Assumption,C8 is the official 2.2 uF reference value
C8,2,NEG,GND,J3,1,GND,GROUND_RETURN,GND,,PASSIVE,TI_TPS543620_REV_C,Engineering_Assumption,Route to quiet AGND
U2,14,BOOT,BUCK_BOOT,C9,1,POS,BOOTSTRAP,BOOTSTRAP,,POWER,TI_TPS543620_REV_C,Engineering_Assumption,C9 is the official 0.1 uF reference value
C9,2,NEG,SW_3V3,U2,10,SW,BOOTSTRAP,12V_SWITCHING,,POWER,TI_TPS543620_REV_C,Engineering_Assumption,U2 BOOT/SW functions and reference value are official; this connection requires local layout audit
RSH1,I2,FORCE_OUT,P3V3_NVME,R12,1,TOP,REMOTE_FEEDBACK,3V3,,ANALOG,TI_TPS543620_REV_C;VISHAY_WSK2512_DATASHEET;VISHAY_WSK2512_30108_REV_2023-12-11,Engineering_Assumption,Exact pin uses a public-source baseline; governing controlled specification or footprint cross-probe review remains open
RSH1,I2,FORCE_OUT,P3V3_NVME,C10,1,TOP,FEED_FORWARD,3V3,,ANALOG,TI_TPS543620_REV_C;VISHAY_WSK2512_DATASHEET;VISHAY_WSK2512_30108_REV_2023-12-11,Engineering_Assumption,Exact pin uses a public-source baseline; governing controlled specification or footprint cross-probe review remains open
R12,2,BOTTOM,BUCK_FB,U2,4,FB,REMOTE_FEEDBACK,ANALOG_CTRL,,ANALOG,TI_TPS543620_REV_C,Engineering_Assumption,Remote-sense routing and loop behavior require simulation and layout review
R12,2,BOTTOM,BUCK_FB,R13,1,TOP,REMOTE_FEEDBACK,ANALOG_CTRL,,ANALOG,TI_TPS543620_REV_C,Engineering_Assumption,R13 closes the feedback divider to quiet ground
R12,2,BOTTOM,BUCK_FB,C10,2,BOTTOM,FEED_FORWARD,ANALOG_CTRL,,ANALOG,TI_TPS543620_REV_C,Engineering_Assumption,C10 33 pF follows the official 3.3 V reference starting point
R13,2,BOTTOM,GND,J3,1,GND,GROUND_RETURN,GND,,PASSIVE,TI_TPS543620_REV_C,Engineering_Assumption,Route to quiet AGND without load-current sharing
FB1,2,OUT,P3V3_AUX,R14,1,TOP,PULLUP,3V3,,POWER,TI_TPS543620_REV_C;TELEMETRY_POWER_ARCHITECTURE,Engineering_Assumption,R14 provides the open-drain PGOOD pull-up
R14,2,BOTTOM,PGOOD_3V3,U2,3,PGOOD,OPEN_DRAIN_POWER_GOOD,3V3,,OUTPUT,TI_TPS543620_REV_C,Engineering_Assumption,TP6 is the authoritative observation point
U2,3,PGOOD,PGOOD_3V3,Q1,1,GATE,LOGIC_CONTROL,3V3,,OUTPUT,TI_TPS543620_REV_C;DIODES_2N7002_DATASHEET,Engineering_Assumption,Q1 buffers the visual indicator from the PGOOD node
J3,1,GND,GND,U2,5,AGND,GROUND,GND,,PASSIVE,TI_TPS543620_REV_C,Engineering_Assumption,U2 AGND function is official; local quiet-ground topology is project-defined
J3,1,GND,GND,U2,9,PGND,GROUND,GND,,PASSIVE,TI_TPS543620_REV_C,Engineering_Assumption,U2 PGND function is official; board-ground routing is project-defined
J3,1,GND,GND,U2,11,PGND,GROUND,GND,,PASSIVE,TI_TPS543620_REV_C,Engineering_Assumption,U2 PGND function is official; board-ground routing is project-defined
L1,2,POWER_OUT,P3V3_PRE_SENSE,C11,1,POS,OUTPUT_DECOUPLING,3V3,,POWER,TI_TPS543620_REV_C;COILCRAFT_XGL5050_DATASHEET,Engineering_Assumption,C11 is one of four 22 uF output capacitors before the shunt
L1,2,POWER_OUT,P3V3_PRE_SENSE,C12,1,POS,OUTPUT_DECOUPLING,3V3,,POWER,TI_TPS543620_REV_C;COILCRAFT_XGL5050_DATASHEET,Engineering_Assumption,C12 is one of four 22 uF output capacitors before the shunt
L1,2,POWER_OUT,P3V3_PRE_SENSE,C13,1,POS,OUTPUT_DECOUPLING,3V3,,POWER,TI_TPS543620_REV_C;COILCRAFT_XGL5050_DATASHEET,Engineering_Assumption,C13 is one of four 22 uF output capacitors before the shunt
L1,2,POWER_OUT,P3V3_PRE_SENSE,C14,1,POS,OUTPUT_DECOUPLING,3V3,,POWER,TI_TPS543620_REV_C;COILCRAFT_XGL5050_DATASHEET,Engineering_Assumption,C14 is one of four 22 uF output capacitors before the shunt
C11,2,NEG,GND,J3,1,GND,POWER_RETURN,GND,,PASSIVE,TI_TPS543620_REV_C,Engineering_Assumption,Effective capacitance remains a simulation and derating gate
C12,2,NEG,GND,J3,1,GND,POWER_RETURN,GND,,PASSIVE,TI_TPS543620_REV_C,Engineering_Assumption,Effective capacitance remains a simulation and derating gate
C13,2,NEG,GND,J3,1,GND,POWER_RETURN,GND,,PASSIVE,TI_TPS543620_REV_C,Engineering_Assumption,Effective capacitance remains a simulation and derating gate
C14,2,NEG,GND,J3,1,GND,POWER_RETURN,GND,,PASSIVE,TI_TPS543620_REV_C,Engineering_Assumption,Effective capacitance remains a simulation and derating gate
FB1,2,OUT,P3V3_AUX,C15,1,POS,LOCAL_DECOUPLING,3V3,,POWER,TI_INA238_REV_B,Engineering_Assumption,C15 is the INA238 local bypass
C15,2,NEG,GND,J3,1,GND,GROUND_RETURN,GND,,PASSIVE,TI_INA238_REV_B,Engineering_Assumption,Place beside U3 VS and GND
FB1,2,OUT,P3V3_AUX,C16,1,POS,LOCAL_DECOUPLING,3V3,,POWER,TI_TMP1075_REV_F,Engineering_Assumption,C16 is the TMP1075 local bypass
C16,2,NEG,GND,J3,1,GND,GROUND_RETURN,GND,,PASSIVE,TI_TMP1075_REV_F,Engineering_Assumption,Place beside U4 V_PLUS and GND
FB1,2,OUT,P3V3_AUX,C17,1,POS,LOCAL_DECOUPLING,3V3,,POWER,ADI_ADP198_REV_G,Engineering_Assumption,C17 is the ADP198 input bypass
C17,2,NEG,GND,J3,1,GND,GROUND_RETURN,GND,,PASSIVE,ADI_ADP198_REV_G,Engineering_Assumption,Place beside U5 VIN and GND
U5,1,VOUT,P3V3_SENSE_PROTECTED,C18,1,POS,SENSE_PATH_LOAD,3V3,,POWER,ADI_ADP198_REV_G,Engineering_Assumption,C18 provides the defined 1 uF local load condition
C18,2,NEG,GND,J3,1,GND,GROUND_RETURN,GND,,PASSIVE,ADI_ADP198_REV_G,Engineering_Assumption,External short current is limited downstream by RISO1
FB1,2,OUT,P3V3_AUX,R15,1,TOP,I2C_PULLUP,3V3,,POWER,TI_INA238_REV_B;TI_TMP1075_REV_F,Engineering_Assumption,4.7 kOhm is a starting value pending cable and clock review
R15,2,BOTTOM,I2C_SCL,U3,5,SCL,I2C_OPEN_DRAIN,3V3,,BIDIRECTIONAL,TI_INA238_REV_B,Engineering_Assumption,Do not connect to host PCIe SMBus
FB1,2,OUT,P3V3_AUX,R16,1,TOP,I2C_PULLUP,3V3,,POWER,TI_INA238_REV_B;TI_TMP1075_REV_F,Engineering_Assumption,4.7 kOhm is a starting value pending cable and clock review
R16,2,BOTTOM,I2C_SDA,U3,4,SDA,I2C_OPEN_DRAIN,3V3,,BIDIRECTIONAL,TI_INA238_REV_B,Engineering_Assumption,Do not connect to host PCIe SMBus
FB1,2,OUT,P3V3_AUX,R17,1,TOP,ALERT_PULLUP,3V3,,POWER,TI_INA238_REV_B,Engineering_Assumption,R17 pulls up the INA238 open-drain alert
R17,2,BOTTOM,INA_ALERT_N,U3,3,ALERT,OPEN_DRAIN_ALERT,3V3,,OUTPUT,TI_INA238_REV_B,Engineering_Assumption,TP7 observes the shared alert node
FB1,2,OUT,P3V3_AUX,R18,1,TOP,ALERT_PULLUP,3V3,,POWER,TI_TMP1075_REV_F,Engineering_Assumption,R18 pulls up the TMP1075 open-drain alert
R18,2,BOTTOM,TEMP_ALERT_N,U4,3,ALERT,OPEN_DRAIN_ALERT,3V3,,OUTPUT,TI_TMP1075_REV_F,Engineering_Assumption,TP8 observes the shared alert node
J3,1,GND,GND,U3,1,A1,ADDRESS_STRAP,GND,,PASSIVE,TI_INA238_REV_B;INTERFACE_DEFINITION,Engineering_Assumption,U3 address strap is project-defined and must be documented in bring-up
J3,1,GND,GND,U3,2,A0,ADDRESS_STRAP,GND,,PASSIVE,TI_INA238_REV_B;INTERFACE_DEFINITION,Engineering_Assumption,U3 address strap is project-defined and must be documented in bring-up
J3,1,GND,GND,U4,5,A2,ADDRESS_STRAP,GND,,PASSIVE,TI_TMP1075_REV_F;INTERFACE_DEFINITION,Engineering_Assumption,U4 address strap is project-defined and must be documented in bring-up
J3,1,GND,GND,U4,6,A1,ADDRESS_STRAP,GND,,PASSIVE,TI_TMP1075_REV_F;INTERFACE_DEFINITION,Engineering_Assumption,U4 address strap is project-defined and must be documented in bring-up
J3,1,GND,GND,U4,7,A0,ADDRESS_STRAP,GND,,PASSIVE,TI_TMP1075_REV_F;INTERFACE_DEFINITION,Engineering_Assumption,U4 address strap is project-defined and must be documented in bring-up
FB1,2,OUT,P3V3_AUX,R19,1,TOP,LED_POWER,3V3,,POWER,INTERFACE_DEFINITION,Engineering_Assumption,R19 limits the PGOOD LED current
R19,2,BOTTOM,LED_PGOOD_ANODE,D1,1,ANODE,LED_DRIVE,3V3,,POWER,INTERFACE_DEFINITION,Engineering_Assumption,LED polarity requires footprint audit
D1,2,CATHODE,LED_PGOOD_CATHODE,Q1,3,DRAIN,LED_DRIVE,3V3,,POWER,DIODES_2N7002_DATASHEET;INTERFACE_DEFINITION,Engineering_Assumption,Q1 sinks the LED only while PGOOD_3V3 is high
J3,1,GND,GND,Q1,2,SOURCE,GROUND,GND,,PASSIVE,DIODES_2N7002_DATASHEET,Engineering_Assumption,Q1 source pin function is official; grounding it for this LED buffer is project-defined
