Component,Symbol_Name,Pin_Number,Pin_Name,Pin_Type,Voltage_Domain,Source_Document,Human_Review_Status,Notes
J1,PCIE_EDGE_X4_REVA_PUB,A1,PRSNT_A,PASSIVE,UNDEFINED,NVIDIA_SP-10900-001_v1.2_Table_2-8;Controlled_CEM_Review_Required,Engineering_Assumption,Public NVIDIA secondary-source pin; governing CEM review remains open
J1,PCIE_EDGE_X4_REVA_PUB,A2,P12V,POWER_OUT,12V,NVIDIA_SP-10900-001_v1.2_Table_2-8;Controlled_CEM_Review_Required,Engineering_Assumption,Public NVIDIA secondary-source pin; governing CEM review remains open
J1,PCIE_EDGE_X4_REVA_PUB,A3,P12V,POWER_OUT,12V,NVIDIA_SP-10900-001_v1.2_Table_2-8;Controlled_CEM_Review_Required,Engineering_Assumption,Public NVIDIA secondary-source pin; governing CEM review remains open
J1,PCIE_EDGE_X4_REVA_PUB,A4,GND,POWER,GND,NVIDIA_SP-10900-001_v1.2_Table_2-8;Controlled_CEM_Review_Required,Engineering_Assumption,Public NVIDIA secondary-source pin; governing CEM review remains open
J1,PCIE_EDGE_X4_REVA_PUB,A5,NC_A5,PASSIVE,UNDEFINED,NVIDIA_SP-10900-001_v1.2_Table_2-8;Controlled_CEM_Review_Required,Engineering_Assumption,Public NVIDIA secondary-source pin; governing CEM review remains open
J1,PCIE_EDGE_X4_REVA_PUB,A6,NC_A6,PASSIVE,UNDEFINED,NVIDIA_SP-10900-001_v1.2_Table_2-8;Controlled_CEM_Review_Required,Engineering_Assumption,Public NVIDIA secondary-source pin; governing CEM review remains open
J1,PCIE_EDGE_X4_REVA_PUB,A7,NC_A7,PASSIVE,UNDEFINED,NVIDIA_SP-10900-001_v1.2_Table_2-8;Controlled_CEM_Review_Required,Engineering_Assumption,Public NVIDIA secondary-source pin; governing CEM review remains open
J1,PCIE_EDGE_X4_REVA_PUB,A8,NC_A8,PASSIVE,UNDEFINED,NVIDIA_SP-10900-001_v1.2_Table_2-8;Controlled_CEM_Review_Required,Engineering_Assumption,Public NVIDIA secondary-source pin; governing CEM review remains open
J1,PCIE_EDGE_X4_REVA_PUB,A9,P3V3_SLOT_UNUSED,POWER_OUT,3V3,NVIDIA_SP-10900-001_v1.2_Table_2-8;Controlled_CEM_Review_Required,Engineering_Assumption,Public NVIDIA secondary-source pin; governing CEM review remains open
J1,PCIE_EDGE_X4_REVA_PUB,A10,P3V3_SLOT_UNUSED,POWER_OUT,3V3,NVIDIA_SP-10900-001_v1.2_Table_2-8;Controlled_CEM_Review_Required,Engineering_Assumption,Public NVIDIA secondary-source pin; governing CEM review remains open
J1,PCIE_EDGE_X4_REVA_PUB,A11,PERST_N,OUTPUT,PCIE_SIDEBAND,NVIDIA_SP-10900-001_v1.2_Table_2-8;Controlled_CEM_Review_Required,Engineering_Assumption,Public NVIDIA secondary-source pin; governing CEM review remains open
J1,PCIE_EDGE_X4_REVA_PUB,A12,GND,POWER,GND,NVIDIA_SP-10900-001_v1.2_Table_2-8;Controlled_CEM_Review_Required,Engineering_Assumption,Public NVIDIA secondary-source pin; governing CEM review remains open
J1,PCIE_EDGE_X4_REVA_PUB,A13,PCIE_REFCLK_P,OUTPUT,PCIE_CLOCK,NVIDIA_SP-10900-001_v1.2_Table_2-8;Controlled_CEM_Review_Required,Engineering_Assumption,Public NVIDIA secondary-source pin; governing CEM review remains open
J1,PCIE_EDGE_X4_REVA_PUB,A14,PCIE_REFCLK_N,OUTPUT,PCIE_CLOCK,NVIDIA_SP-10900-001_v1.2_Table_2-8;Controlled_CEM_Review_Required,Engineering_Assumption,Public NVIDIA secondary-source pin; governing CEM review remains open
J1,PCIE_EDGE_X4_REVA_PUB,A15,GND,POWER,GND,NVIDIA_SP-10900-001_v1.2_Table_2-8;Controlled_CEM_Review_Required,Engineering_Assumption,Public NVIDIA secondary-source pin; governing CEM review remains open
J1,PCIE_EDGE_X4_REVA_PUB,A16,PCIE_RX0_P,INPUT,PCIE_HS,NVIDIA_SP-10900-001_v1.2_Table_2-8;Controlled_CEM_Review_Required,Engineering_Assumption,Public NVIDIA secondary-source pin; governing CEM review remains open
J1,PCIE_EDGE_X4_REVA_PUB,A17,PCIE_RX0_N,INPUT,PCIE_HS,NVIDIA_SP-10900-001_v1.2_Table_2-8;Controlled_CEM_Review_Required,Engineering_Assumption,Public NVIDIA secondary-source pin; governing CEM review remains open
J1,PCIE_EDGE_X4_REVA_PUB,A18,GND,POWER,GND,NVIDIA_SP-10900-001_v1.2_Table_2-8;Controlled_CEM_Review_Required,Engineering_Assumption,Public NVIDIA secondary-source pin; governing CEM review remains open
J1,PCIE_EDGE_X4_REVA_PUB,A19,RSVD_A19,PASSIVE,UNDEFINED,NVIDIA_SP-10900-001_v1.2_Table_2-8;Controlled_CEM_Review_Required,Engineering_Assumption,Public NVIDIA secondary-source pin; governing CEM review remains open
J1,PCIE_EDGE_X4_REVA_PUB,A20,GND,POWER,GND,NVIDIA_SP-10900-001_v1.2_Table_2-8;Controlled_CEM_Review_Required,Engineering_Assumption,Public NVIDIA secondary-source pin; governing CEM review remains open
J1,PCIE_EDGE_X4_REVA_PUB,A21,PCIE_RX1_P,INPUT,PCIE_HS,NVIDIA_SP-10900-001_v1.2_Table_2-8;Controlled_CEM_Review_Required,Engineering_Assumption,Public NVIDIA secondary-source pin; governing CEM review remains open
J1,PCIE_EDGE_X4_REVA_PUB,A22,PCIE_RX1_N,INPUT,PCIE_HS,NVIDIA_SP-10900-001_v1.2_Table_2-8;Controlled_CEM_Review_Required,Engineering_Assumption,Public NVIDIA secondary-source pin; governing CEM review remains open
J1,PCIE_EDGE_X4_REVA_PUB,A23,GND,POWER,GND,NVIDIA_SP-10900-001_v1.2_Table_2-8;Controlled_CEM_Review_Required,Engineering_Assumption,Public NVIDIA secondary-source pin; governing CEM review remains open
J1,PCIE_EDGE_X4_REVA_PUB,A24,GND,POWER,GND,NVIDIA_SP-10900-001_v1.2_Table_2-8;Controlled_CEM_Review_Required,Engineering_Assumption,Public NVIDIA secondary-source pin; governing CEM review remains open
J1,PCIE_EDGE_X4_REVA_PUB,A25,PCIE_RX2_P,INPUT,PCIE_HS,NVIDIA_SP-10900-001_v1.2_Table_2-8;Controlled_CEM_Review_Required,Engineering_Assumption,Public NVIDIA secondary-source pin; governing CEM review remains open
J1,PCIE_EDGE_X4_REVA_PUB,A26,PCIE_RX2_N,INPUT,PCIE_HS,NVIDIA_SP-10900-001_v1.2_Table_2-8;Controlled_CEM_Review_Required,Engineering_Assumption,Public NVIDIA secondary-source pin; governing CEM review remains open
J1,PCIE_EDGE_X4_REVA_PUB,A27,GND,POWER,GND,NVIDIA_SP-10900-001_v1.2_Table_2-8;Controlled_CEM_Review_Required,Engineering_Assumption,Public NVIDIA secondary-source pin; governing CEM review remains open
J1,PCIE_EDGE_X4_REVA_PUB,A28,GND,POWER,GND,NVIDIA_SP-10900-001_v1.2_Table_2-8;Controlled_CEM_Review_Required,Engineering_Assumption,Public NVIDIA secondary-source pin; governing CEM review remains open
J1,PCIE_EDGE_X4_REVA_PUB,A29,PCIE_RX3_P,INPUT,PCIE_HS,NVIDIA_SP-10900-001_v1.2_Table_2-8;Controlled_CEM_Review_Required,Engineering_Assumption,Public NVIDIA secondary-source pin; governing CEM review remains open
J1,PCIE_EDGE_X4_REVA_PUB,A30,PCIE_RX3_N,INPUT,PCIE_HS,NVIDIA_SP-10900-001_v1.2_Table_2-8;Controlled_CEM_Review_Required,Engineering_Assumption,Public NVIDIA secondary-source pin; governing CEM review remains open
J1,PCIE_EDGE_X4_REVA_PUB,A31,GND,POWER,GND,NVIDIA_SP-10900-001_v1.2_Table_2-8;Controlled_CEM_Review_Required,Engineering_Assumption,Public NVIDIA secondary-source pin; governing CEM review remains open
J1,PCIE_EDGE_X4_REVA_PUB,A32,RSVD_A32,PASSIVE,UNDEFINED,NVIDIA_SP-10900-001_v1.2_Table_2-8;Controlled_CEM_Review_Required,Engineering_Assumption,Public NVIDIA secondary-source pin; governing CEM review remains open
J1,PCIE_EDGE_X4_REVA_PUB,B1,P12V,POWER_OUT,12V,NVIDIA_SP-10900-001_v1.2_Table_2-8;Controlled_CEM_Review_Required,Engineering_Assumption,Public NVIDIA secondary-source pin; governing CEM review remains open
J1,PCIE_EDGE_X4_REVA_PUB,B2,P12V,POWER_OUT,12V,NVIDIA_SP-10900-001_v1.2_Table_2-8;Controlled_CEM_Review_Required,Engineering_Assumption,"Public NVIDIA secondary-source pin; governing CEM review remains open; NVIDIA table prints B1 twice, so B2 is an explicit correction assumption"
J1,PCIE_EDGE_X4_REVA_PUB,B3,P12V,POWER_OUT,12V,NVIDIA_SP-10900-001_v1.2_Table_2-8;Controlled_CEM_Review_Required,Engineering_Assumption,Public NVIDIA secondary-source pin; governing CEM review remains open
J1,PCIE_EDGE_X4_REVA_PUB,B4,GND,POWER,GND,NVIDIA_SP-10900-001_v1.2_Table_2-8;Controlled_CEM_Review_Required,Engineering_Assumption,Public NVIDIA secondary-source pin; governing CEM review remains open
J1,PCIE_EDGE_X4_REVA_PUB,B5,SMB_CLK_UNUSED,PASSIVE,UNDEFINED,NVIDIA_SP-10900-001_v1.2_Table_2-8;Controlled_CEM_Review_Required,Engineering_Assumption,Public NVIDIA secondary-source pin; governing CEM review remains open
J1,PCIE_EDGE_X4_REVA_PUB,B6,SMB_DATA_UNUSED,PASSIVE,UNDEFINED,NVIDIA_SP-10900-001_v1.2_Table_2-8;Controlled_CEM_Review_Required,Engineering_Assumption,Public NVIDIA secondary-source pin; governing CEM review remains open
J1,PCIE_EDGE_X4_REVA_PUB,B7,GND,POWER,GND,NVIDIA_SP-10900-001_v1.2_Table_2-8;Controlled_CEM_Review_Required,Engineering_Assumption,Public NVIDIA secondary-source pin; governing CEM review remains open
J1,PCIE_EDGE_X4_REVA_PUB,B8,P3V3_SLOT_UNUSED,POWER_OUT,3V3,NVIDIA_SP-10900-001_v1.2_Table_2-8;Controlled_CEM_Review_Required,Engineering_Assumption,Public NVIDIA secondary-source pin; governing CEM review remains open
J1,PCIE_EDGE_X4_REVA_PUB,B9,TRST_N_UNUSED,PASSIVE,UNDEFINED,NVIDIA_SP-10900-001_v1.2_Table_2-8;Controlled_CEM_Review_Required,Engineering_Assumption,Public NVIDIA secondary-source pin; governing CEM review remains open
J1,PCIE_EDGE_X4_REVA_PUB,B10,P3V3_AUX_UNUSED,PASSIVE,UNDEFINED,NVIDIA_SP-10900-001_v1.2_Table_2-8;Controlled_CEM_Review_Required,Engineering_Assumption,Public NVIDIA secondary-source pin; governing CEM review remains open
J1,PCIE_EDGE_X4_REVA_PUB,B11,PEWAKE_N,BIDIRECTIONAL,PCIE_SIDEBAND,NVIDIA_SP-10900-001_v1.2_Table_2-8;Controlled_CEM_Review_Required,Engineering_Assumption,Public NVIDIA secondary-source pin; governing CEM review remains open
J1,PCIE_EDGE_X4_REVA_PUB,B12,CLKREQ_N,BIDIRECTIONAL,PCIE_SIDEBAND,NVIDIA_SP-10900-001_v1.2_Table_2-8;Controlled_CEM_Review_Required,Engineering_Assumption,Public NVIDIA secondary-source pin; governing CEM review remains open
J1,PCIE_EDGE_X4_REVA_PUB,B13,GND,POWER,GND,NVIDIA_SP-10900-001_v1.2_Table_2-8;Controlled_CEM_Review_Required,Engineering_Assumption,Public NVIDIA secondary-source pin; governing CEM review remains open
J1,PCIE_EDGE_X4_REVA_PUB,B14,PCIE_TX0_P,OUTPUT,PCIE_HS,NVIDIA_SP-10900-001_v1.2_Table_2-8;Controlled_CEM_Review_Required,Engineering_Assumption,Public NVIDIA secondary-source pin; governing CEM review remains open
J1,PCIE_EDGE_X4_REVA_PUB,B15,PCIE_TX0_N,OUTPUT,PCIE_HS,NVIDIA_SP-10900-001_v1.2_Table_2-8;Controlled_CEM_Review_Required,Engineering_Assumption,Public NVIDIA secondary-source pin; governing CEM review remains open
J1,PCIE_EDGE_X4_REVA_PUB,B16,GND,POWER,GND,NVIDIA_SP-10900-001_v1.2_Table_2-8;Controlled_CEM_Review_Required,Engineering_Assumption,Public NVIDIA secondary-source pin; governing CEM review remains open
J1,PCIE_EDGE_X4_REVA_PUB,B17,PRSNT2_X1_UNUSED,PASSIVE,UNDEFINED,NVIDIA_SP-10900-001_v1.2_Table_2-8;Controlled_CEM_Review_Required,Engineering_Assumption,Public NVIDIA secondary-source pin; governing CEM review remains open
J1,PCIE_EDGE_X4_REVA_PUB,B18,GND,POWER,GND,NVIDIA_SP-10900-001_v1.2_Table_2-8;Controlled_CEM_Review_Required,Engineering_Assumption,Public NVIDIA secondary-source pin; governing CEM review remains open
J1,PCIE_EDGE_X4_REVA_PUB,B19,PCIE_TX1_P,OUTPUT,PCIE_HS,NVIDIA_SP-10900-001_v1.2_Table_2-8;Controlled_CEM_Review_Required,Engineering_Assumption,Public NVIDIA secondary-source pin; governing CEM review remains open
J1,PCIE_EDGE_X4_REVA_PUB,B20,PCIE_TX1_N,OUTPUT,PCIE_HS,NVIDIA_SP-10900-001_v1.2_Table_2-8;Controlled_CEM_Review_Required,Engineering_Assumption,Public NVIDIA secondary-source pin; governing CEM review remains open
J1,PCIE_EDGE_X4_REVA_PUB,B21,GND,POWER,GND,NVIDIA_SP-10900-001_v1.2_Table_2-8;Controlled_CEM_Review_Required,Engineering_Assumption,Public NVIDIA secondary-source pin; governing CEM review remains open
J1,PCIE_EDGE_X4_REVA_PUB,B22,GND,POWER,GND,NVIDIA_SP-10900-001_v1.2_Table_2-8;Controlled_CEM_Review_Required,Engineering_Assumption,Public NVIDIA secondary-source pin; governing CEM review remains open
J1,PCIE_EDGE_X4_REVA_PUB,B23,PCIE_TX2_P,OUTPUT,PCIE_HS,NVIDIA_SP-10900-001_v1.2_Table_2-8;Controlled_CEM_Review_Required,Engineering_Assumption,Public NVIDIA secondary-source pin; governing CEM review remains open
J1,PCIE_EDGE_X4_REVA_PUB,B24,PCIE_TX2_N,OUTPUT,PCIE_HS,NVIDIA_SP-10900-001_v1.2_Table_2-8;Controlled_CEM_Review_Required,Engineering_Assumption,Public NVIDIA secondary-source pin; governing CEM review remains open
J1,PCIE_EDGE_X4_REVA_PUB,B25,GND,POWER,GND,NVIDIA_SP-10900-001_v1.2_Table_2-8;Controlled_CEM_Review_Required,Engineering_Assumption,Public NVIDIA secondary-source pin; governing CEM review remains open
J1,PCIE_EDGE_X4_REVA_PUB,B26,GND,POWER,GND,NVIDIA_SP-10900-001_v1.2_Table_2-8;Controlled_CEM_Review_Required,Engineering_Assumption,Public NVIDIA secondary-source pin; governing CEM review remains open
J1,PCIE_EDGE_X4_REVA_PUB,B27,PCIE_TX3_P,OUTPUT,PCIE_HS,NVIDIA_SP-10900-001_v1.2_Table_2-8;Controlled_CEM_Review_Required,Engineering_Assumption,Public NVIDIA secondary-source pin; governing CEM review remains open
J1,PCIE_EDGE_X4_REVA_PUB,B28,PCIE_TX3_N,OUTPUT,PCIE_HS,NVIDIA_SP-10900-001_v1.2_Table_2-8;Controlled_CEM_Review_Required,Engineering_Assumption,Public NVIDIA secondary-source pin; governing CEM review remains open
J1,PCIE_EDGE_X4_REVA_PUB,B29,GND,POWER,GND,NVIDIA_SP-10900-001_v1.2_Table_2-8;Controlled_CEM_Review_Required,Engineering_Assumption,Public NVIDIA secondary-source pin; governing CEM review remains open
J1,PCIE_EDGE_X4_REVA_PUB,B30,PWRBRK_UNUSED,PASSIVE,UNDEFINED,NVIDIA_SP-10900-001_v1.2_Table_2-8;Controlled_CEM_Review_Required,Engineering_Assumption,Public NVIDIA secondary-source pin; governing CEM review remains open
J1,PCIE_EDGE_X4_REVA_PUB,B31,PRSNT_B,PASSIVE,UNDEFINED,NVIDIA_SP-10900-001_v1.2_Table_2-8;Controlled_CEM_Review_Required,Engineering_Assumption,Public NVIDIA secondary-source pin; governing CEM review remains open
J1,PCIE_EDGE_X4_REVA_PUB,B32,GND,POWER,GND,NVIDIA_SP-10900-001_v1.2_Table_2-8;Controlled_CEM_Review_Required,Engineering_Assumption,Public NVIDIA secondary-source pin; governing CEM review remains open
J2,M2_M_KEY_REVA_PUBLIC_BASELINE,1,GND,POWER,GND,NVIDIA_SP-10900-001_v1.2_Table_2-13;Controlled_M2_Review_Required,Engineering_Assumption,Public NVIDIA secondary-source pin; exact Amphenol contact geometry is official but governing M.2 logical review remains open
J2,M2_M_KEY_REVA_PUBLIC_BASELINE,2,P3V3_NVME,POWER_IN,3V3,NVIDIA_SP-10900-001_v1.2_Table_2-13;Controlled_M2_Review_Required,Engineering_Assumption,Public NVIDIA secondary-source pin; exact Amphenol contact geometry is official but governing M.2 logical review remains open
J2,M2_M_KEY_REVA_PUBLIC_BASELINE,3,GND,POWER,GND,NVIDIA_SP-10900-001_v1.2_Table_2-13;Controlled_M2_Review_Required,Engineering_Assumption,Public NVIDIA secondary-source pin; exact Amphenol contact geometry is official but governing M.2 logical review remains open
J2,M2_M_KEY_REVA_PUBLIC_BASELINE,4,P3V3_NVME,POWER_IN,3V3,NVIDIA_SP-10900-001_v1.2_Table_2-13;Controlled_M2_Review_Required,Engineering_Assumption,Public NVIDIA secondary-source pin; exact Amphenol contact geometry is official but governing M.2 logical review remains open
J2,M2_M_KEY_REVA_PUBLIC_BASELINE,5,PCIE_TX3_N,OUTPUT,PCIE_HS,NVIDIA_SP-10900-001_v1.2_Table_2-13;Controlled_M2_Review_Required,Engineering_Assumption,Public NVIDIA secondary-source pin; exact Amphenol contact geometry is official but governing M.2 logical review remains open
J2,M2_M_KEY_REVA_PUBLIC_BASELINE,6,NC_6,PASSIVE,UNDEFINED,NVIDIA_SP-10900-001_v1.2_Table_2-13;Controlled_M2_Review_Required,Engineering_Assumption,Public NVIDIA secondary-source pin; exact Amphenol contact geometry is official but governing M.2 logical review remains open
J2,M2_M_KEY_REVA_PUBLIC_BASELINE,7,PCIE_TX3_P,OUTPUT,PCIE_HS,NVIDIA_SP-10900-001_v1.2_Table_2-13;Controlled_M2_Review_Required,Engineering_Assumption,Public NVIDIA secondary-source pin; exact Amphenol contact geometry is official but governing M.2 logical review remains open
J2,M2_M_KEY_REVA_PUBLIC_BASELINE,8,NC_8,PASSIVE,UNDEFINED,NVIDIA_SP-10900-001_v1.2_Table_2-13;Controlled_M2_Review_Required,Engineering_Assumption,Public NVIDIA secondary-source pin; exact Amphenol contact geometry is official but governing M.2 logical review remains open
J2,M2_M_KEY_REVA_PUBLIC_BASELINE,9,GND,POWER,GND,NVIDIA_SP-10900-001_v1.2_Table_2-13;Controlled_M2_Review_Required,Engineering_Assumption,Public NVIDIA secondary-source pin; exact Amphenol contact geometry is official but governing M.2 logical review remains open
J2,M2_M_KEY_REVA_PUBLIC_BASELINE,10,NC_10,PASSIVE,UNDEFINED,NVIDIA_SP-10900-001_v1.2_Table_2-13;Controlled_M2_Review_Required,Engineering_Assumption,Public NVIDIA secondary-source pin; exact Amphenol contact geometry is official but governing M.2 logical review remains open
J2,M2_M_KEY_REVA_PUBLIC_BASELINE,11,PCIE_RX3_N,INPUT,PCIE_HS,NVIDIA_SP-10900-001_v1.2_Table_2-13;Controlled_M2_Review_Required,Engineering_Assumption,Public NVIDIA secondary-source pin; exact Amphenol contact geometry is official but governing M.2 logical review remains open
J2,M2_M_KEY_REVA_PUBLIC_BASELINE,12,P3V3_NVME,POWER_IN,3V3,NVIDIA_SP-10900-001_v1.2_Table_2-13;Controlled_M2_Review_Required,Engineering_Assumption,Public NVIDIA secondary-source pin; exact Amphenol contact geometry is official but governing M.2 logical review remains open
J2,M2_M_KEY_REVA_PUBLIC_BASELINE,13,PCIE_RX3_P,INPUT,PCIE_HS,NVIDIA_SP-10900-001_v1.2_Table_2-13;Controlled_M2_Review_Required,Engineering_Assumption,Public NVIDIA secondary-source pin; exact Amphenol contact geometry is official but governing M.2 logical review remains open
J2,M2_M_KEY_REVA_PUBLIC_BASELINE,14,P3V3_NVME,POWER_IN,3V3,NVIDIA_SP-10900-001_v1.2_Table_2-13;Controlled_M2_Review_Required,Engineering_Assumption,Public NVIDIA secondary-source pin; exact Amphenol contact geometry is official but governing M.2 logical review remains open
J2,M2_M_KEY_REVA_PUBLIC_BASELINE,15,GND,POWER,GND,NVIDIA_SP-10900-001_v1.2_Table_2-13;Controlled_M2_Review_Required,Engineering_Assumption,Public NVIDIA secondary-source pin; exact Amphenol contact geometry is official but governing M.2 logical review remains open
J2,M2_M_KEY_REVA_PUBLIC_BASELINE,16,P3V3_NVME,POWER_IN,3V3,NVIDIA_SP-10900-001_v1.2_Table_2-13;Controlled_M2_Review_Required,Engineering_Assumption,Public NVIDIA secondary-source pin; exact Amphenol contact geometry is official but governing M.2 logical review remains open
J2,M2_M_KEY_REVA_PUBLIC_BASELINE,17,PCIE_TX2_N,OUTPUT,PCIE_HS,NVIDIA_SP-10900-001_v1.2_Table_2-13;Controlled_M2_Review_Required,Engineering_Assumption,Public NVIDIA secondary-source pin; exact Amphenol contact geometry is official but governing M.2 logical review remains open
J2,M2_M_KEY_REVA_PUBLIC_BASELINE,18,P3V3_NVME,POWER_IN,3V3,NVIDIA_SP-10900-001_v1.2_Table_2-13;Controlled_M2_Review_Required,Engineering_Assumption,Public NVIDIA secondary-source pin; exact Amphenol contact geometry is official but governing M.2 logical review remains open
J2,M2_M_KEY_REVA_PUBLIC_BASELINE,19,PCIE_TX2_P,OUTPUT,PCIE_HS,NVIDIA_SP-10900-001_v1.2_Table_2-13;Controlled_M2_Review_Required,Engineering_Assumption,Public NVIDIA secondary-source pin; exact Amphenol contact geometry is official but governing M.2 logical review remains open
J2,M2_M_KEY_REVA_PUBLIC_BASELINE,20,NC_20,PASSIVE,UNDEFINED,NVIDIA_SP-10900-001_v1.2_Table_2-13;Controlled_M2_Review_Required,Engineering_Assumption,Public NVIDIA secondary-source pin; exact Amphenol contact geometry is official but governing M.2 logical review remains open
J2,M2_M_KEY_REVA_PUBLIC_BASELINE,21,GND,POWER,GND,NVIDIA_SP-10900-001_v1.2_Table_2-13;Controlled_M2_Review_Required,Engineering_Assumption,Public NVIDIA secondary-source pin; exact Amphenol contact geometry is official but governing M.2 logical review remains open
J2,M2_M_KEY_REVA_PUBLIC_BASELINE,22,NC_22,PASSIVE,UNDEFINED,NVIDIA_SP-10900-001_v1.2_Table_2-13;Controlled_M2_Review_Required,Engineering_Assumption,Public NVIDIA secondary-source pin; exact Amphenol contact geometry is official but governing M.2 logical review remains open
J2,M2_M_KEY_REVA_PUBLIC_BASELINE,23,PCIE_RX2_N,INPUT,PCIE_HS,NVIDIA_SP-10900-001_v1.2_Table_2-13;Controlled_M2_Review_Required,Engineering_Assumption,Public NVIDIA secondary-source pin; exact Amphenol contact geometry is official but governing M.2 logical review remains open
J2,M2_M_KEY_REVA_PUBLIC_BASELINE,24,NC_24,PASSIVE,UNDEFINED,NVIDIA_SP-10900-001_v1.2_Table_2-13;Controlled_M2_Review_Required,Engineering_Assumption,Public NVIDIA secondary-source pin; exact Amphenol contact geometry is official but governing M.2 logical review remains open
J2,M2_M_KEY_REVA_PUBLIC_BASELINE,25,PCIE_RX2_P,INPUT,PCIE_HS,NVIDIA_SP-10900-001_v1.2_Table_2-13;Controlled_M2_Review_Required,Engineering_Assumption,Public NVIDIA secondary-source pin; exact Amphenol contact geometry is official but governing M.2 logical review remains open
J2,M2_M_KEY_REVA_PUBLIC_BASELINE,26,NC_26,PASSIVE,UNDEFINED,NVIDIA_SP-10900-001_v1.2_Table_2-13;Controlled_M2_Review_Required,Engineering_Assumption,Public NVIDIA secondary-source pin; exact Amphenol contact geometry is official but governing M.2 logical review remains open
J2,M2_M_KEY_REVA_PUBLIC_BASELINE,27,GND,POWER,GND,NVIDIA_SP-10900-001_v1.2_Table_2-13;Controlled_M2_Review_Required,Engineering_Assumption,Public NVIDIA secondary-source pin; exact Amphenol contact geometry is official but governing M.2 logical review remains open
J2,M2_M_KEY_REVA_PUBLIC_BASELINE,28,NC_28,PASSIVE,UNDEFINED,NVIDIA_SP-10900-001_v1.2_Table_2-13;Controlled_M2_Review_Required,Engineering_Assumption,Public NVIDIA secondary-source pin; exact Amphenol contact geometry is official but governing M.2 logical review remains open
J2,M2_M_KEY_REVA_PUBLIC_BASELINE,29,PCIE_TX1_N,OUTPUT,PCIE_HS,NVIDIA_SP-10900-001_v1.2_Table_2-13;Controlled_M2_Review_Required,Engineering_Assumption,Public NVIDIA secondary-source pin; exact Amphenol contact geometry is official but governing M.2 logical review remains open
J2,M2_M_KEY_REVA_PUBLIC_BASELINE,30,NC_30,PASSIVE,UNDEFINED,NVIDIA_SP-10900-001_v1.2_Table_2-13;Controlled_M2_Review_Required,Engineering_Assumption,Public NVIDIA secondary-source pin; exact Amphenol contact geometry is official but governing M.2 logical review remains open
J2,M2_M_KEY_REVA_PUBLIC_BASELINE,31,PCIE_TX1_P,OUTPUT,PCIE_HS,NVIDIA_SP-10900-001_v1.2_Table_2-13;Controlled_M2_Review_Required,Engineering_Assumption,Public NVIDIA secondary-source pin; exact Amphenol contact geometry is official but governing M.2 logical review remains open
J2,M2_M_KEY_REVA_PUBLIC_BASELINE,32,NC_32,PASSIVE,UNDEFINED,NVIDIA_SP-10900-001_v1.2_Table_2-13;Controlled_M2_Review_Required,Engineering_Assumption,Public NVIDIA secondary-source pin; exact Amphenol contact geometry is official but governing M.2 logical review remains open
J2,M2_M_KEY_REVA_PUBLIC_BASELINE,33,GND,POWER,GND,NVIDIA_SP-10900-001_v1.2_Table_2-13;Controlled_M2_Review_Required,Engineering_Assumption,Public NVIDIA secondary-source pin; exact Amphenol contact geometry is official but governing M.2 logical review remains open
J2,M2_M_KEY_REVA_PUBLIC_BASELINE,34,NC_34,PASSIVE,UNDEFINED,NVIDIA_SP-10900-001_v1.2_Table_2-13;Controlled_M2_Review_Required,Engineering_Assumption,Public NVIDIA secondary-source pin; exact Amphenol contact geometry is official but governing M.2 logical review remains open
J2,M2_M_KEY_REVA_PUBLIC_BASELINE,35,PCIE_RX1_N,INPUT,PCIE_HS,NVIDIA_SP-10900-001_v1.2_Table_2-13;Controlled_M2_Review_Required,Engineering_Assumption,Public NVIDIA secondary-source pin; exact Amphenol contact geometry is official but governing M.2 logical review remains open
J2,M2_M_KEY_REVA_PUBLIC_BASELINE,36,NC_36,PASSIVE,UNDEFINED,NVIDIA_SP-10900-001_v1.2_Table_2-13;Controlled_M2_Review_Required,Engineering_Assumption,Public NVIDIA secondary-source pin; exact Amphenol contact geometry is official but governing M.2 logical review remains open
J2,M2_M_KEY_REVA_PUBLIC_BASELINE,37,PCIE_RX1_P,INPUT,PCIE_HS,NVIDIA_SP-10900-001_v1.2_Table_2-13;Controlled_M2_Review_Required,Engineering_Assumption,Public NVIDIA secondary-source pin; exact Amphenol contact geometry is official but governing M.2 logical review remains open
J2,M2_M_KEY_REVA_PUBLIC_BASELINE,38,NC_38,PASSIVE,UNDEFINED,NVIDIA_SP-10900-001_v1.2_Table_2-13;Controlled_M2_Review_Required,Engineering_Assumption,Public NVIDIA secondary-source pin; exact Amphenol contact geometry is official but governing M.2 logical review remains open
J2,M2_M_KEY_REVA_PUBLIC_BASELINE,39,GND,POWER,GND,NVIDIA_SP-10900-001_v1.2_Table_2-13;Controlled_M2_Review_Required,Engineering_Assumption,Public NVIDIA secondary-source pin; exact Amphenol contact geometry is official but governing M.2 logical review remains open
J2,M2_M_KEY_REVA_PUBLIC_BASELINE,40,SMB_CLK_UNUSED,BIDIRECTIONAL,UNCONNECTED,NVIDIA_SP-10900-001_v1.2_Table_2-13;Controlled_M2_Review_Required,Engineering_Assumption,Public NVIDIA secondary-source pin; exact Amphenol contact geometry is official but governing M.2 logical review remains open
J2,M2_M_KEY_REVA_PUBLIC_BASELINE,41,PCIE_TX0_N,OUTPUT,PCIE_HS,NVIDIA_SP-10900-001_v1.2_Table_2-13;Controlled_M2_Review_Required,Engineering_Assumption,Public NVIDIA secondary-source pin; exact Amphenol contact geometry is official but governing M.2 logical review remains open
J2,M2_M_KEY_REVA_PUBLIC_BASELINE,42,SMB_DATA_UNUSED,BIDIRECTIONAL,UNCONNECTED,NVIDIA_SP-10900-001_v1.2_Table_2-13;Controlled_M2_Review_Required,Engineering_Assumption,Public NVIDIA secondary-source pin; exact Amphenol contact geometry is official but governing M.2 logical review remains open
J2,M2_M_KEY_REVA_PUBLIC_BASELINE,43,PCIE_TX0_P,OUTPUT,PCIE_HS,NVIDIA_SP-10900-001_v1.2_Table_2-13;Controlled_M2_Review_Required,Engineering_Assumption,Public NVIDIA secondary-source pin; exact Amphenol contact geometry is official but governing M.2 logical review remains open
J2,M2_M_KEY_REVA_PUBLIC_BASELINE,44,ALERT_N_UNUSED,OUTPUT,UNCONNECTED,NVIDIA_SP-10900-001_v1.2_Table_2-13;Controlled_M2_Review_Required,Engineering_Assumption,Public NVIDIA secondary-source pin; exact Amphenol contact geometry is official but governing M.2 logical review remains open
J2,M2_M_KEY_REVA_PUBLIC_BASELINE,45,GND,POWER,GND,NVIDIA_SP-10900-001_v1.2_Table_2-13;Controlled_M2_Review_Required,Engineering_Assumption,Public NVIDIA secondary-source pin; exact Amphenol contact geometry is official but governing M.2 logical review remains open
J2,M2_M_KEY_REVA_PUBLIC_BASELINE,46,NC_46,PASSIVE,UNDEFINED,NVIDIA_SP-10900-001_v1.2_Table_2-13;Controlled_M2_Review_Required,Engineering_Assumption,Public NVIDIA secondary-source pin; exact Amphenol contact geometry is official but governing M.2 logical review remains open
J2,M2_M_KEY_REVA_PUBLIC_BASELINE,47,PCIE_RX0_N,INPUT,PCIE_HS,NVIDIA_SP-10900-001_v1.2_Table_2-13;Controlled_M2_Review_Required,Engineering_Assumption,Public NVIDIA secondary-source pin; exact Amphenol contact geometry is official but governing M.2 logical review remains open
J2,M2_M_KEY_REVA_PUBLIC_BASELINE,48,NC_48,PASSIVE,UNDEFINED,NVIDIA_SP-10900-001_v1.2_Table_2-13;Controlled_M2_Review_Required,Engineering_Assumption,Public NVIDIA secondary-source pin; exact Amphenol contact geometry is official but governing M.2 logical review remains open
J2,M2_M_KEY_REVA_PUBLIC_BASELINE,49,PCIE_RX0_P,INPUT,PCIE_HS,NVIDIA_SP-10900-001_v1.2_Table_2-13;Controlled_M2_Review_Required,Engineering_Assumption,Public NVIDIA secondary-source pin; exact Amphenol contact geometry is official but governing M.2 logical review remains open
J2,M2_M_KEY_REVA_PUBLIC_BASELINE,50,PERST_N,INPUT,PCIE_SIDEBAND,NVIDIA_SP-10900-001_v1.2_Table_2-13;Controlled_M2_Review_Required,Engineering_Assumption,Public NVIDIA secondary-source pin; exact Amphenol contact geometry is official but governing M.2 logical review remains open
J2,M2_M_KEY_REVA_PUBLIC_BASELINE,51,GND,POWER,GND,NVIDIA_SP-10900-001_v1.2_Table_2-13;Controlled_M2_Review_Required,Engineering_Assumption,Public NVIDIA secondary-source pin; exact Amphenol contact geometry is official but governing M.2 logical review remains open
J2,M2_M_KEY_REVA_PUBLIC_BASELINE,52,CLKREQ_N,BIDIRECTIONAL,PCIE_SIDEBAND,NVIDIA_SP-10900-001_v1.2_Table_2-13;Controlled_M2_Review_Required,Engineering_Assumption,Public NVIDIA secondary-source pin; exact Amphenol contact geometry is official but governing M.2 logical review remains open
J2,M2_M_KEY_REVA_PUBLIC_BASELINE,53,REFCLK_N,INPUT,PCIE_CLOCK,NVIDIA_SP-10900-001_v1.2_Table_2-13;Controlled_M2_Review_Required,Engineering_Assumption,Public NVIDIA secondary-source pin; exact Amphenol contact geometry is official but governing M.2 logical review remains open
J2,M2_M_KEY_REVA_PUBLIC_BASELINE,54,PEWAKE_N,BIDIRECTIONAL,PCIE_SIDEBAND,NVIDIA_SP-10900-001_v1.2_Table_2-13;Controlled_M2_Review_Required,Engineering_Assumption,Public NVIDIA secondary-source pin; exact Amphenol contact geometry is official but governing M.2 logical review remains open
J2,M2_M_KEY_REVA_PUBLIC_BASELINE,55,REFCLK_P,INPUT,PCIE_CLOCK,NVIDIA_SP-10900-001_v1.2_Table_2-13;Controlled_M2_Review_Required,Engineering_Assumption,Public NVIDIA secondary-source pin; exact Amphenol contact geometry is official but governing M.2 logical review remains open
J2,M2_M_KEY_REVA_PUBLIC_BASELINE,56,NC_56,PASSIVE,UNDEFINED,NVIDIA_SP-10900-001_v1.2_Table_2-13;Controlled_M2_Review_Required,Engineering_Assumption,Public NVIDIA secondary-source pin; exact Amphenol contact geometry is official but governing M.2 logical review remains open
J2,M2_M_KEY_REVA_PUBLIC_BASELINE,57,GND,POWER,GND,NVIDIA_SP-10900-001_v1.2_Table_2-13;Controlled_M2_Review_Required,Engineering_Assumption,Public NVIDIA secondary-source pin; exact Amphenol contact geometry is official but governing M.2 logical review remains open
J2,M2_M_KEY_REVA_PUBLIC_BASELINE,58,NC_58,PASSIVE,UNDEFINED,NVIDIA_SP-10900-001_v1.2_Table_2-13;Controlled_M2_Review_Required,Engineering_Assumption,Public NVIDIA secondary-source pin; exact Amphenol contact geometry is official but governing M.2 logical review remains open
J2,M2_M_KEY_REVA_PUBLIC_BASELINE,67,NC_67,PASSIVE,UNDEFINED,NVIDIA_SP-10900-001_v1.2_Table_2-13;Controlled_M2_Review_Required,Engineering_Assumption,Public NVIDIA secondary-source pin; exact Amphenol contact geometry is official but governing M.2 logical review remains open
J2,M2_M_KEY_REVA_PUBLIC_BASELINE,68,SUSCLK_UNUSED,OUTPUT,UNCONNECTED,NVIDIA_SP-10900-001_v1.2_Table_2-13;Controlled_M2_Review_Required,Engineering_Assumption,Public NVIDIA secondary-source pin; exact Amphenol contact geometry is official but governing M.2 logical review remains open
J2,M2_M_KEY_REVA_PUBLIC_BASELINE,69,NC_69,PASSIVE,UNDEFINED,NVIDIA_SP-10900-001_v1.2_Table_2-13;Controlled_M2_Review_Required,Engineering_Assumption,Public NVIDIA secondary-source pin; exact Amphenol contact geometry is official but governing M.2 logical review remains open
J2,M2_M_KEY_REVA_PUBLIC_BASELINE,70,P3V3_NVME,POWER_IN,3V3,NVIDIA_SP-10900-001_v1.2_Table_2-13;Controlled_M2_Review_Required,Engineering_Assumption,Public NVIDIA secondary-source pin; exact Amphenol contact geometry is official but governing M.2 logical review remains open
J2,M2_M_KEY_REVA_PUBLIC_BASELINE,71,GND,POWER,GND,NVIDIA_SP-10900-001_v1.2_Table_2-13;Controlled_M2_Review_Required,Engineering_Assumption,Public NVIDIA secondary-source pin; exact Amphenol contact geometry is official but governing M.2 logical review remains open
J2,M2_M_KEY_REVA_PUBLIC_BASELINE,72,P3V3_NVME,POWER_IN,3V3,NVIDIA_SP-10900-001_v1.2_Table_2-13;Controlled_M2_Review_Required,Engineering_Assumption,Public NVIDIA secondary-source pin; exact Amphenol contact geometry is official but governing M.2 logical review remains open
J2,M2_M_KEY_REVA_PUBLIC_BASELINE,73,GND,POWER,GND,NVIDIA_SP-10900-001_v1.2_Table_2-13;Controlled_M2_Review_Required,Engineering_Assumption,Public NVIDIA secondary-source pin; exact Amphenol contact geometry is official but governing M.2 logical review remains open
J2,M2_M_KEY_REVA_PUBLIC_BASELINE,74,P3V3_NVME,POWER_IN,3V3,NVIDIA_SP-10900-001_v1.2_Table_2-13;Controlled_M2_Review_Required,Engineering_Assumption,Public NVIDIA secondary-source pin; exact Amphenol contact geometry is official but governing M.2 logical review remains open
J2,M2_M_KEY_REVA_PUBLIC_BASELINE,75,GND,POWER,GND,NVIDIA_SP-10900-001_v1.2_Table_2-13;Controlled_M2_Review_Required,Engineering_Assumption,Public NVIDIA secondary-source pin; exact Amphenol contact geometry is official but governing M.2 logical review remains open
RSH1,WSK2512_4T,I1,FORCE_IN,PASSIVE,3V3,VISHAY_WSK2512_30108_REV_2023-12-11,Engineering_Assumption,Vishay electrical labels are official; input/output orientation is a project convention pending footprint cross-probe
RSH1,WSK2512_4T,E1,SENSE_IN,PASSIVE,3V3,VISHAY_WSK2512_30108_REV_2023-12-11,Engineering_Assumption,Vishay electrical labels are official; input/output orientation is a project convention pending footprint cross-probe
RSH1,WSK2512_4T,I2,FORCE_OUT,PASSIVE,3V3,VISHAY_WSK2512_30108_REV_2023-12-11,Engineering_Assumption,Vishay electrical labels are official; input/output orientation is a project convention pending footprint cross-probe
RSH1,WSK2512_4T,E2,SENSE_OUT,PASSIVE,3V3,VISHAY_WSK2512_30108_REV_2023-12-11,Engineering_Assumption,Vishay electrical labels are official; input/output orientation is a project convention pending footprint cross-probe
U1,TPS259472L_RPW,1,EN_UVLO,INPUT,ANALOG_CTRL,TI_TPS25947_REV_C,Confirmed_Official,Exact TPS259472L RPW pin verified against TI table 5-1
U1,TPS259472L_RPW,2,OVCSEL,INPUT,ANALOG_CTRL,TI_TPS25947_REV_C,Confirmed_Official,TPS259472x function verified against TI table 5-1; clamp selection remains a design calculation
U1,TPS259472L_RPW,3,PG,OPEN_DRAIN,ANALOG_CTRL,TI_TPS25947_REV_C,Confirmed_Official,TPS259472x open-drain PG function verified against TI table 5-1
U1,TPS259472L_RPW,4,PGTH,INPUT,ANALOG_CTRL,TI_TPS25947_REV_C,Confirmed_Official,TPS259472x PG threshold function verified against TI table 5-1
U1,TPS259472L_RPW,5,IN,POWER_IN,12V,TI_TPS25947_REV_C,Confirmed_Official,Exact RPW package pin verified against TI table 5-1
U1,TPS259472L_RPW,6,OUT,POWER_OUT,12V,TI_TPS25947_REV_C,Confirmed_Official,Exact RPW package pin verified against TI table 5-1
U1,TPS259472L_RPW,7,DVDT,ANALOG,ANALOG_CTRL,TI_TPS25947_REV_C,Confirmed_Official,Exact RPW package pin verified against TI table 5-1
U1,TPS259472L_RPW,8,GND,POWER,GND,TI_TPS25947_REV_C,Confirmed_Official,Exact RPW package pin verified against TI table 5-1
U1,TPS259472L_RPW,9,ILM,ANALOG,ANALOG_CTRL,TI_TPS25947_REV_C,Confirmed_Official,Exact RPW package pin verified against TI table 5-1
U1,TPS259472L_RPW,10,ITIMER,ANALOG,ANALOG_CTRL,TI_TPS25947_REV_C,Confirmed_Official,Exact RPW package pin verified against TI table 5-1
U2,TPS543620_RPY,1,SYNC_FSEL,INPUT,ANALOG,TI_TPS543620_REV_C,Confirmed_Official,Verified against TI table 5-1
U2,TPS543620_RPY,2,MODE,INPUT,ANALOG,TI_TPS543620_REV_C,Confirmed_Official,Verified against TI table 5-1
U2,TPS543620_RPY,3,PGOOD,OPEN_DRAIN,3V3,TI_TPS543620_REV_C,Confirmed_Official,Verified against TI table 5-1
U2,TPS543620_RPY,4,FB,INPUT,ANALOG,TI_TPS543620_REV_C,Confirmed_Official,Verified against TI table 5-1
U2,TPS543620_RPY,5,AGND,POWER,GND,TI_TPS543620_REV_C,Confirmed_Official,Verified against TI table 5-1
U2,TPS543620_RPY,6,BP5,POWER_OUT,5V_INTERNAL,TI_TPS543620_REV_C,Confirmed_Official,Verified against TI table 5-1
U2,TPS543620_RPY,7,EN,INPUT,12V,TI_TPS543620_REV_C,Confirmed_Official,Verified against TI table 5-1
U2,TPS543620_RPY,8,VIN,POWER_IN,12V,TI_TPS543620_REV_C,Confirmed_Official,Verified against TI table 5-1
U2,TPS543620_RPY,9,PGND,POWER,GND,TI_TPS543620_REV_C,Confirmed_Official,Verified against TI table 5-1
U2,TPS543620_RPY,10,SW,POWER_OUT,12V_SWITCHING,TI_TPS543620_REV_C,Confirmed_Official,Verified against TI table 5-1
U2,TPS543620_RPY,11,PGND,POWER,GND,TI_TPS543620_REV_C,Confirmed_Official,Verified against TI table 5-1
U2,TPS543620_RPY,12,VIN,POWER_IN,12V,TI_TPS543620_REV_C,Confirmed_Official,Verified against TI table 5-1
U2,TPS543620_RPY,13,SW,POWER_OUT,12V_SWITCHING,TI_TPS543620_REV_C,Confirmed_Official,Verified against TI table 5-1
U2,TPS543620_RPY,14,BOOT,INPUT,BOOTSTRAP,TI_TPS543620_REV_C,Confirmed_Official,Verified against TI table 5-1
U3,INA238_DGS,1,A1,INPUT,3V3,TI_INA238_REV_B,Confirmed_Official,Verified against TI table 4-1
U3,INA238_DGS,2,A0,INPUT,3V3,TI_INA238_REV_B,Confirmed_Official,Verified against TI table 4-1
U3,INA238_DGS,3,ALERT,OPEN_DRAIN,3V3,TI_INA238_REV_B,Confirmed_Official,Verified against TI table 4-1
U3,INA238_DGS,4,SDA,BIDIRECTIONAL,3V3,TI_INA238_REV_B,Confirmed_Official,Verified against TI table 4-1
U3,INA238_DGS,5,SCL,INPUT,3V3,TI_INA238_REV_B,Confirmed_Official,Verified against TI table 4-1
U3,INA238_DGS,6,VS,POWER_IN,3V3,TI_INA238_REV_B,Confirmed_Official,Verified against TI table 4-1
U3,INA238_DGS,7,GND,POWER,GND,TI_INA238_REV_B,Confirmed_Official,Verified against TI table 4-1
U3,INA238_DGS,8,VBUS,INPUT,3V3,TI_INA238_REV_B,Confirmed_Official,Verified against TI table 4-1
U3,INA238_DGS,9,IN_N,INPUT,3V3,TI_INA238_REV_B,Confirmed_Official,Verified against TI table 4-1
U3,INA238_DGS,10,IN_P,INPUT,3V3,TI_INA238_REV_B,Confirmed_Official,Verified against TI table 4-1
U4,TMP1075_D,1,SDA,BIDIRECTIONAL,3V3,TI_TMP1075_REV_F,Confirmed_Official,Verified for SOIC package against TI table 5-1
U4,TMP1075_D,2,SCL,INPUT,3V3,TI_TMP1075_REV_F,Confirmed_Official,Verified for SOIC package against TI table 5-1
U4,TMP1075_D,3,ALERT,OPEN_DRAIN,3V3,TI_TMP1075_REV_F,Confirmed_Official,Verified for SOIC package against TI table 5-1
U4,TMP1075_D,4,GND,POWER,GND,TI_TMP1075_REV_F,Confirmed_Official,Verified for SOIC package against TI table 5-1
U4,TMP1075_D,5,A2,INPUT,3V3,TI_TMP1075_REV_F,Confirmed_Official,Verified for SOIC package against TI table 5-1
U4,TMP1075_D,6,A1,INPUT,3V3,TI_TMP1075_REV_F,Confirmed_Official,Verified for SOIC package against TI table 5-1
U4,TMP1075_D,7,A0,INPUT,3V3,TI_TMP1075_REV_F,Confirmed_Official,Verified for SOIC package against TI table 5-1
U4,TMP1075_D,8,V_PLUS,POWER_IN,3V3,TI_TMP1075_REV_F,Confirmed_Official,Verified for SOIC package against TI table 5-1
U5,ADP198_CP8,1,VOUT,POWER_OUT,3V3_SENSE,ADI_ADP198_REV_G,Confirmed_Official,Connect VOUT pins 1 and 2 together per ADI table 5
U5,ADP198_CP8,2,VOUT,POWER_OUT,3V3_SENSE,ADI_ADP198_REV_G,Confirmed_Official,Connect VOUT pins 1 and 2 together per ADI table 5
U5,ADP198_CP8,3,GND,POWER,GND,ADI_ADP198_REV_G,Confirmed_Official,Verified against ADI table 5
U5,ADP198_CP8,4,SEL1,INPUT,3V3,ADI_ADP198_REV_G,Confirmed_Official,Turn-on time select; strap remains Engineering_Assumption
U5,ADP198_CP8,5,SEL0,INPUT,3V3,ADI_ADP198_REV_G,Confirmed_Official,Turn-on time select; strap remains Engineering_Assumption
U5,ADP198_CP8,6,EN,INPUT,3V3,ADI_ADP198_REV_G,Confirmed_Official,Enable input verified against ADI table 5
U5,ADP198_CP8,7,VIN,POWER_IN,3V3,ADI_ADP198_REV_G,Confirmed_Official,Connect VIN pins 7 and 8 together per ADI table 5
U5,ADP198_CP8,8,VIN,POWER_IN,3V3,ADI_ADP198_REV_G,Confirmed_Official,Connect VIN pins 7 and 8 together per ADI table 5
U5,ADP198_CP8,EP,GND,POWER,GND,ADI_ADP198_REV_G,Confirmed_Official,Exposed pad must connect to ground per ADI table 5
J3,I2C_DEBUG_1X4,1,GND,POWER,GND,INTERFACE_DEFINITION,Engineering_Assumption,Project-defined pinout
J3,I2C_DEBUG_1X4,2,SCL,BIDIRECTIONAL,3V3,INTERFACE_DEFINITION,Engineering_Assumption,Project-defined pinout
J3,I2C_DEBUG_1X4,3,SDA,BIDIRECTIONAL,3V3,INTERFACE_DEFINITION,Engineering_Assumption,Project-defined pinout
J3,I2C_DEBUG_1X4,4,3V3_SENSE,OUTPUT,3V3,INTERFACE_DEFINITION,Engineering_Assumption,Sense only through U5 reverse-current blocker and RISO1; never use as a supply input
Q1,2N7002_SOT23,1,GATE,INPUT,3V3,DIODES_2N7002_REV_40,Confirmed_Official,Exact SOT-23 terminal map; local symbol orientation must still be audited
Q1,2N7002_SOT23,2,SOURCE,POWER,GND,DIODES_2N7002_REV_40,Confirmed_Official,Exact SOT-23 terminal map; source connects to board ground
Q1,2N7002_SOT23,3,DRAIN,OUTPUT,3V3,DIODES_2N7002_REV_40,Confirmed_Official,Exact SOT-23 terminal map; drain sinks the indicator branch
