Category,Path,Size_Bytes,SHA256,Source_Board_SHA256,Tool_Version,Export_Options,Artifact_State
Report_or_Log,evidence/stage2/pspice/pw01_vendor_combined_run/run_record.md,1474,CC6C012071638E6F6D6C249E778A8AE9941F04EE9C1334D83E707E557511D164,C772E9C3CD7A04A2CE3FBD1F5AE659E0935B786B235B17354DB83371BB4FF3EA,OrCAD X/Python 3.13,Audit or export evidence,Recorded
STEP_Roundtrip,evidence/stage3/3d/roundtrip_revk/pcie_gen3_x4_nvme_adapter_reva_revk_final_step_reimport.dra,1890600,BE181E5EC295613092AB8CE0671D12C9F4A1619709BC394BC8784C6D0FCCEBA2,C772E9C3CD7A04A2CE3FBD1F5AE659E0935B786B235B17354DB83371BB4FF3EA,OrCAD X PCB Editor 25.1 S040,Isolated DRA assignment/readback,Native_DRA_STEP_Assignment_OK
STEP_Roundtrip,evidence/stage3/3d/roundtrip_revk/stage3_final_step_reimport_native_log.txt,634,88A603D7039443276502A366516DF912265B2F4FC7EB4A69BBACF8EC5B8A911D,C772E9C3CD7A04A2CE3FBD1F5AE659E0935B786B235B17354DB83371BB4FF3EA,OrCAD X PCB Editor 25.1 S040,Isolated DRA assignment/readback,Native_DRA_STEP_Assignment_OK
Native_3DX_Evidence,evidence/stage3/3dx_native_revk/revk_bottom_with_ui.png,122498,26D8FC4F34C06B6D09E7B71F1B33794D5871FF5EE43F34D0B9E02F7EA02381D4,C772E9C3CD7A04A2CE3FBD1F5AE659E0935B786B235B17354DB83371BB4FF3EA,OrCAD X 3DX Canvas 25.1 S040,Tool UI capture,Confirmed_Current_Board
Native_3DX_Evidence,evidence/stage3/3dx_native_revk/revk_bracket_left_with_ui.png,121984,149F3C418E28F45778C13BF3550CFEA3A547F85FEADE5B81700228BBFDC3F842,C772E9C3CD7A04A2CE3FBD1F5AE659E0935B786B235B17354DB83371BB4FF3EA,OrCAD X 3DX Canvas 25.1 S040,Tool UI capture,Confirmed_Current_Board
Native_3DX_Evidence,evidence/stage3/3dx_native_revk/revk_isometric_with_ui.png,131697,D2B4629F817267F63A9A8D0575320289A35027C7E074A8B4052034C9EB4910B3,C772E9C3CD7A04A2CE3FBD1F5AE659E0935B786B235B17354DB83371BB4FF3EA,OrCAD X 3DX Canvas 25.1 S040,Tool UI capture,Confirmed_Current_Board
Native_3DX_Evidence,evidence/stage3/3dx_native_revk/revk_power_zone_l4_with_ui.png,129568,0F730C17521725D905D32A46A5EB072E2597351BEBB4C3A29A964C67DE873C5C,C772E9C3CD7A04A2CE3FBD1F5AE659E0935B786B235B17354DB83371BB4FF3EA,OrCAD X 3DX Canvas 25.1 S040,Tool UI capture,Confirmed_Current_Board
Native_3DX_Evidence,evidence/stage3/3dx_native_revk/revk_side_front_with_ui.png,125843,305A4F39D14D906B0B7E1F0E1064155FD0AE409EA66C928C240BBAD6946B9749,C772E9C3CD7A04A2CE3FBD1F5AE659E0935B786B235B17354DB83371BB4FF3EA,OrCAD X 3DX Canvas 25.1 S040,Tool UI capture,Confirmed_Current_Board
Native_3DX_Evidence,evidence/stage3/3dx_native_revk/revk_ssd_underside_bottom_iso_with_ui.png,126632,6BDC2BF5FBB0B567476DF8761AD6E43040379ED6EE74B2F40E01774E89A050BA,C772E9C3CD7A04A2CE3FBD1F5AE659E0935B786B235B17354DB83371BB4FF3EA,OrCAD X 3DX Canvas 25.1 S040,Tool UI capture,Confirmed_Current_Board
Native_3DX_Evidence,evidence/stage3/3dx_native_revk/revk_status_drc0_zero_islands_with_ui.png,131556,3D26B8920D26C65AF65C46B65448F78DB5A042C1350F1E276B028C824C025735,C772E9C3CD7A04A2CE3FBD1F5AE659E0935B786B235B17354DB83371BB4FF3EA,OrCAD X 3DX Canvas 25.1 S040,Tool UI capture,Confirmed_Current_Board
Native_3DX_Evidence,evidence/stage3/3dx_native_revk/revk_step_export_command_log_with_ui.png,217322,4A1225E5BEBD170133D780358681F89D027A43D25FEC15664587BDA3A5F9F90F,C772E9C3CD7A04A2CE3FBD1F5AE659E0935B786B235B17354DB83371BB4FF3EA,OrCAD X 3DX Canvas 25.1 S040,Tool UI capture,Confirmed_Current_Board
Native_3DX_Evidence,evidence/stage3/3dx_native_revk/revk_step_export_completed_with_ui.png,116455,119AB5B7498488AA2786EDF15457B96B82FC46A9757E0CFDECAA715A99D4699A,C772E9C3CD7A04A2CE3FBD1F5AE659E0935B786B235B17354DB83371BB4FF3EA,OrCAD X 3DX Canvas 25.1 S040,Tool UI capture,Confirmed_Current_Board
Native_3DX_Evidence,evidence/stage3/3dx_native_revk/revk_step_export_content_options_with_ui.png,116912,762F9DE2C1209DE56BD36CA9BC7F35BE2D011D2FEEBB3D632BEAD8037D8A8E3F,C772E9C3CD7A04A2CE3FBD1F5AE659E0935B786B235B17354DB83371BB4FF3EA,OrCAD X 3DX Canvas 25.1 S040,Tool UI capture,Confirmed_Current_Board
Native_3DX_Evidence,evidence/stage3/3dx_native_revk/revk_step_export_mm_ap242_top_upper_with_ui.png,117056,FE27AE6ED393D4484D3FE3E91946B8A8A4064C3C594ACBAA1ABA788ECB08E899,C772E9C3CD7A04A2CE3FBD1F5AE659E0935B786B235B17354DB83371BB4FF3EA,OrCAD X 3DX Canvas 25.1 S040,Tool UI capture,Confirmed_Current_Board
Native_3DX_Evidence,evidence/stage3/3dx_native_revk/revk_top_isometric_detailed_with_ui.png,131810,DFCD8056529AD7CAE1CE92A88EE226CFB4D79E0EE0D8F5CEC34357B33A2FD353,C772E9C3CD7A04A2CE3FBD1F5AE659E0935B786B235B17354DB83371BB4FF3EA,OrCAD X 3DX Canvas 25.1 S040,Tool UI capture,Confirmed_Current_Board
Native_3DX_Evidence,evidence/stage3/3dx_native_revk/revk_top_with_ui.png,131917,0CC553E011E729FC2875EE34CB48AD27DD325599284A785D20758714A2C6B333,C772E9C3CD7A04A2CE3FBD1F5AE659E0935B786B235B17354DB83371BB4FF3EA,OrCAD X 3DX Canvas 25.1 S040,Tool UI capture,Confirmed_Current_Board
Report_or_Log,evidence/stage3/constraint_manager_status.md,1044,F0FCD97AE739EA7C094CF5AC7CA80AE2DAC3974F3FF641AAF797DD7344262B2B,C772E9C3CD7A04A2CE3FBD1F5AE659E0935B786B235B17354DB83371BB4FF3EA,OrCAD X/Python 3.13,Audit or export evidence,Recorded
Report_or_Log,evidence/stage3/csv_warning_review.md,955,18BA4F146C3181774FB90B1A045EDE62020FB022B750544744948F13314977BC,C772E9C3CD7A04A2CE3FBD1F5AE659E0935B786B235B17354DB83371BB4FF3EA,OrCAD X/Python 3.13,Audit or export evidence,Recorded
Portfolio_View,evidence/stage3/portfolio_revk/stage3_bottom.png,836241,DD6D59DA8A34AD48E45E6F6496B7E7B3287F57D43F7E80EC34FC09076EDB2217,C772E9C3CD7A04A2CE3FBD1F5AE659E0935B786B235B17354DB83371BB4FF3EA,Portfolio renderer,Black background; presentation carry-forward; external placement/models unchanged from RevI to RevK,Engineering_Assumption_Presentation_Only
Portfolio_View,evidence/stage3/portfolio_revk/stage3_bracket_review.png,1134920,16A2DDD3E16E71FD604FCEED8EFF5096DB7E966670C49F217F7D0842DB3E07B3,C772E9C3CD7A04A2CE3FBD1F5AE659E0935B786B235B17354DB83371BB4FF3EA,Portfolio renderer,Black background; presentation carry-forward; external placement/models unchanged from RevI to RevK,Engineering_Assumption_Presentation_Only
Portfolio_View,evidence/stage3/portfolio_revk/stage3_hero_isometric_assembly.png,1068237,73D44483E89F8D3EC3DA486396125F33D81B8D2DE874CDA6AD81C6046A876B7F,C772E9C3CD7A04A2CE3FBD1F5AE659E0935B786B235B17354DB83371BB4FF3EA,Portfolio renderer,Black background; presentation carry-forward; external placement/models unchanged from RevI to RevK,Engineering_Assumption_Presentation_Only
Portfolio_View,evidence/stage3/portfolio_revk/stage3_hero_isometric_pcb_detail.png,1047092,947E26D7545FA849B96110F3A6471BDFEC9349EE625C9F92349D176845722634,C772E9C3CD7A04A2CE3FBD1F5AE659E0935B786B235B17354DB83371BB4FF3EA,Portfolio renderer,Black background; presentation carry-forward; external placement/models unchanged from RevI to RevK,Engineering_Assumption_Presentation_Only
Portfolio_View,evidence/stage3/portfolio_revk/stage3_side.png,1122736,AE649C2F9733FD281057A89A927F54B935771A81DF8F4056B75CFA0A47AC3A8A,C772E9C3CD7A04A2CE3FBD1F5AE659E0935B786B235B17354DB83371BB4FF3EA,Portfolio renderer,Black background; presentation carry-forward; external placement/models unchanged from RevI to RevK,Engineering_Assumption_Presentation_Only
Portfolio_View,evidence/stage3/portfolio_revk/stage3_ssd_underside.png,1078659,9E7C0D50FCB859392D2BB6C93EDD4055487A906B86B05FCC9AA93C5AC043FF25,C772E9C3CD7A04A2CE3FBD1F5AE659E0935B786B235B17354DB83371BB4FF3EA,Portfolio renderer,Black background; presentation carry-forward; external placement/models unchanged from RevI to RevK,Engineering_Assumption_Presentation_Only
Portfolio_View,evidence/stage3/portfolio_revk/stage3_top_assembly.png,956764,278E7EC2BDE103E235BEA7C178F18A8CF67A20285036EA6B72F3E9F673CC8268,C772E9C3CD7A04A2CE3FBD1F5AE659E0935B786B235B17354DB83371BB4FF3EA,Portfolio renderer,Black background; presentation carry-forward; external placement/models unchanged from RevI to RevK,Engineering_Assumption_Presentation_Only
Portfolio_View,evidence/stage3/portfolio_revk/stage3_top_pcb_detail.png,941503,1F7E5A7ABA4ED7AF925F333A7F1F9B8C0B44121DCF040D93848C2527E408FFBA,C772E9C3CD7A04A2CE3FBD1F5AE659E0935B786B235B17354DB83371BB4FF3EA,Portfolio renderer,Black background; presentation carry-forward; external placement/models unchanged from RevI to RevK,Engineering_Assumption_Presentation_Only
Gerber,manufacturing/stage3_final_revk/ASSEMBLY_BOTTOM.art,803,C1198920CD5D2410BADF2BD720880A457CE9790448ABC81A00780D8964926A95,C772E9C3CD7A04A2CE3FBD1F5AE659E0935B786B235B17354DB83371BB4FF3EA,OrCAD X PCB Editor 25.1 S040,Artwork batch export,Engineering_Review_Not_For_Fabrication
Gerber,manufacturing/stage3_final_revk/ASSEMBLY_TOP.art,793,8A7B1CDA31CDD6575119C54C175F0AE357ED0F2369399C558A5540D356478AFC,C772E9C3CD7A04A2CE3FBD1F5AE659E0935B786B235B17354DB83371BB4FF3EA,OrCAD X PCB Editor 25.1 S040,Artwork batch export,Engineering_Review_Not_For_Fabrication
Gerber,manufacturing/stage3_final_revk/L1_TOP.art,21379,4AFBB5F1B5DAA186E4D728D934B3D257C46FCBB35C32F2B061C0BF08A231E86B,C772E9C3CD7A04A2CE3FBD1F5AE659E0935B786B235B17354DB83371BB4FF3EA,OrCAD X PCB Editor 25.1 S040,Artwork batch export,Engineering_Review_Not_For_Fabrication
Gerber,manufacturing/stage3_final_revk/L2_GND1.art,8664,24635DC477EF230F11F0D77AF040B4B5BA76F50434049997148F56B7BD8311C1,C772E9C3CD7A04A2CE3FBD1F5AE659E0935B786B235B17354DB83371BB4FF3EA,OrCAD X PCB Editor 25.1 S040,Artwork batch export,Engineering_Review_Not_For_Fabrication
Gerber,manufacturing/stage3_final_revk/L3_SIG1.art,4658,B9384EF6FEEF87A525BA68BC783A0756DFDCEEDC38AF5C1D7BD6F4294B06A5E4,C772E9C3CD7A04A2CE3FBD1F5AE659E0935B786B235B17354DB83371BB4FF3EA,OrCAD X PCB Editor 25.1 S040,Artwork batch export,Engineering_Review_Not_For_Fabrication
Gerber,manufacturing/stage3_final_revk/L4_PWR.art,3336,D786519F5D0C4895719BC06EB1D3B3BAB6DCF2A49EC16DB41C0417395ADBB275,C772E9C3CD7A04A2CE3FBD1F5AE659E0935B786B235B17354DB83371BB4FF3EA,OrCAD X PCB Editor 25.1 S040,Artwork batch export,Engineering_Review_Not_For_Fabrication
Gerber,manufacturing/stage3_final_revk/L5_GND2.art,8769,635AF325A387E7EA25E066474F71AF42CD76A53E640975969CC3775A1A78FE46,C772E9C3CD7A04A2CE3FBD1F5AE659E0935B786B235B17354DB83371BB4FF3EA,OrCAD X PCB Editor 25.1 S040,Artwork batch export,Engineering_Review_Not_For_Fabrication
Gerber,manufacturing/stage3_final_revk/L6_BOTTOM.art,4486,D063146667F6C24ACEEB0B08D940225AB10D28371159DE9A042E75966AE8F8BE,C772E9C3CD7A04A2CE3FBD1F5AE659E0935B786B235B17354DB83371BB4FF3EA,OrCAD X PCB Editor 25.1 S040,Artwork batch export,Engineering_Review_Not_For_Fabrication
Gerber,manufacturing/stage3_final_revk/PASTE_BOTTOM.art,1396,8FE2677AB992515BC43806F120C9A618A2978847C47EE60959756CB87776A358,C772E9C3CD7A04A2CE3FBD1F5AE659E0935B786B235B17354DB83371BB4FF3EA,OrCAD X PCB Editor 25.1 S040,Artwork batch export,Engineering_Review_Not_For_Fabrication
Gerber,manufacturing/stage3_final_revk/PASTE_TOP.art,6270,1361679DC1F40DCA734811B62A7A39343691DDC1905602DE8044AF79F3CD31BE,C772E9C3CD7A04A2CE3FBD1F5AE659E0935B786B235B17354DB83371BB4FF3EA,OrCAD X PCB Editor 25.1 S040,Artwork batch export,Engineering_Review_Not_For_Fabrication
Report_or_Log,manufacturing/stage3_final_revk/README.md,910,6D40D2F4098172D55B8EF0B2EB9A47867DDA53016D4E132386E4BD6DDBFEDC1C,C772E9C3CD7A04A2CE3FBD1F5AE659E0935B786B235B17354DB83371BB4FF3EA,OrCAD X/Python 3.13,Audit or export evidence,Recorded
Gerber,manufacturing/stage3_final_revk/SILK_BOTTOM.art,850,CF2D1742759E95E3E346BA7F438DFCA391CC93025DB264263DD360363502B36B,C772E9C3CD7A04A2CE3FBD1F5AE659E0935B786B235B17354DB83371BB4FF3EA,OrCAD X PCB Editor 25.1 S040,Artwork batch export,Engineering_Review_Not_For_Fabrication
Gerber,manufacturing/stage3_final_revk/SILK_TOP.art,837,B1306CDD7A3DD1D20843700D01457209916D3D7CF23984D12A7967BA96609D0C,C772E9C3CD7A04A2CE3FBD1F5AE659E0935B786B235B17354DB83371BB4FF3EA,OrCAD X PCB Editor 25.1 S040,Artwork batch export,Engineering_Review_Not_For_Fabrication
Gerber,manufacturing/stage3_final_revk/SM_BOTTOM.art,1482,CDF6370D7B22942EEB2648D7F0C3EE1AA7777A149EABABE10A679D3AF1C476F0,C772E9C3CD7A04A2CE3FBD1F5AE659E0935B786B235B17354DB83371BB4FF3EA,OrCAD X PCB Editor 25.1 S040,Artwork batch export,Engineering_Review_Not_For_Fabrication
Gerber,manufacturing/stage3_final_revk/SM_TOP.art,6327,7981F697AFDA7C2E7FCE804DDD0176D39D71662CC163C84CD2A69CFC966C828B,C772E9C3CD7A04A2CE3FBD1F5AE659E0935B786B235B17354DB83371BB4FF3EA,OrCAD X PCB Editor 25.1 S040,Artwork batch export,Engineering_Review_Not_For_Fabrication
Report_or_Log,manufacturing/stage3_final_revk/art_param.txt,287,542918DE15371F4A91511AA3AB3AD748BB097B130830E945F7C7627C0A31F61B,C772E9C3CD7A04A2CE3FBD1F5AE659E0935B786B235B17354DB83371BB4FF3EA,OrCAD X/Python 3.13,Audit or export evidence,Recorded
Report_or_Log,manufacturing/stage3_final_revk/artwork_console.log,2540,74E34E3F051468973F20008390E4B3026985817EDACC60EEDF07BF3C1F9726A4,C772E9C3CD7A04A2CE3FBD1F5AE659E0935B786B235B17354DB83371BB4FF3EA,OrCAD X/Python 3.13,Audit or export evidence,Recorded
BOM,manufacturing/stage3_final_revk/bom_revk_interview_digital.csv,27611,767BF828DB3D05C9B6D5765EE3E87677FB328F52EFDFE6E8A117C07A49C44C56,C772E9C3CD7A04A2CE3FBD1F5AE659E0935B786B235B17354DB83371BB4FF3EA,Python 3.13,Board-hash-bound review BOM,Interview_Only
CAM_Preview,manufacturing/stage3_final_revk/cam_preview/revk_film_assembly_top_with_ui.png,210064,6A15AA8E80C63059C5884CD7A3B7C07F2866312E7096FDB493A4F3F755BD8075,C772E9C3CD7A04A2CE3FBD1F5AE659E0935B786B235B17354DB83371BB4FF3EA,OrCAD X PCB Editor 25.1 S040,Native film view,Engineering_Review
CAM_Preview,manufacturing/stage3_final_revk/cam_preview/revk_film_l1_top_with_ui.png,206159,708F0675B056928B290A6310148C6844DA9F7CAD83DE94FC07BADE52307955BE,C772E9C3CD7A04A2CE3FBD1F5AE659E0935B786B235B17354DB83371BB4FF3EA,OrCAD X PCB Editor 25.1 S040,Native film view,Engineering_Review
CAM_Preview,manufacturing/stage3_final_revk/cam_preview/revk_film_l4_power_with_ui.png,197780,7D50FC41DF3ABEB5EE4DEF40566365C6F602ED9C156EDC9258F822CAD912CC40,C772E9C3CD7A04A2CE3FBD1F5AE659E0935B786B235B17354DB83371BB4FF3EA,OrCAD X PCB Editor 25.1 S040,Native film view,Engineering_Review
Report_or_Log,manufacturing/stage3_final_revk/export_status.csv,907,0C55F487CFF71AD97C62094D7236501E4A72CF6C4838ABA932AB01C175AEF881,C772E9C3CD7A04A2CE3FBD1F5AE659E0935B786B235B17354DB83371BB4FF3EA,OrCAD X/Python 3.13,Audit or export evidence,Recorded
Report_or_Log,manufacturing/stage3_final_revk/ipc2581_console.log,8094,ED3E44C30C86709517B0AC5B8C2674BC17FDCE0B14F27F6674749DABDF8648F4,C772E9C3CD7A04A2CE3FBD1F5AE659E0935B786B235B17354DB83371BB4FF3EA,OrCAD X/Python 3.13,Audit or export evidence,Recorded
Report_or_Log,manufacturing/stage3_final_revk/ipc2581_out.log,4716,F3D4CDA4AA69D802D01E336B254FC03ECA3E7DBE274C6E0D58CB48A0204ECCB1,C772E9C3CD7A04A2CE3FBD1F5AE659E0935B786B235B17354DB83371BB4FF3EA,OrCAD X/Python 3.13,Audit or export evidence,Recorded
Placement,manufacturing/stage3_final_revk/native_placement.csv,2685,DBE9CC98DB9A62AA8BDD7C4A7F221955F46E2947E64D8553180EE1E71AF27D5E,C772E9C3CD7A04A2CE3FBD1F5AE659E0935B786B235B17354DB83371BB4FF3EA,OrCAD X/Python 3.13,Native placement export,Preliminary_Not_For_Fabrication
Report_or_Log,manufacturing/stage3_final_revk/nc_param.txt,965,08DE3551FEA43A9AA1C3CA8505B6368FFD18D35DCC4359E36B7761F2D02617B9,C772E9C3CD7A04A2CE3FBD1F5AE659E0935B786B235B17354DB83371BB4FF3EA,OrCAD X/Python 3.13,Audit or export evidence,Recorded
Report_or_Log,manufacturing/stage3_final_revk/nc_tools_auto.txt,132,00B12A343CCA5628136F652785FA11EECC6F11BA86F17F15B09A1E97202EC82F,C772E9C3CD7A04A2CE3FBD1F5AE659E0935B786B235B17354DB83371BB4FF3EA,OrCAD X/Python 3.13,Audit or export evidence,Recorded
Report_or_Log,manufacturing/stage3_final_revk/ncdrill.log,2893,55492FA60A6D8332C7FEC52094A572BF939DAA78C4538080DC600EB8515816C0,C772E9C3CD7A04A2CE3FBD1F5AE659E0935B786B235B17354DB83371BB4FF3EA,OrCAD X/Python 3.13,Audit or export evidence,Recorded
Report_or_Log,manufacturing/stage3_final_revk/nctape_console.log,1584,2BD025355A541B0B5C92EFE55C1E6BC374152956D71483697E2EF6445B9368E3,C772E9C3CD7A04A2CE3FBD1F5AE659E0935B786B235B17354DB83371BB4FF3EA,OrCAD X/Python 3.13,Audit or export evidence,Recorded
NC_Drill,manufacturing/stage3_final_revk/pcie_gen3_x4_nvme_adapter_reva_revk_final-1-6-np.drl,418,54B875312DD4CF1F285B8CF01FF287FEFE6D0058F302A290D630EE80D185B490,C772E9C3CD7A04A2CE3FBD1F5AE659E0935B786B235B17354DB83371BB4FF3EA,OrCAD X PCB Editor 25.1 S040,Excellon batch export; auto tool table retained,Engineering_Review_Not_For_Fabrication
NC_Drill,manufacturing/stage3_final_revk/pcie_gen3_x4_nvme_adapter_reva_revk_final-1-6.drl,2321,CB30B3047C2729C8F523D9B5219453D6B880F16E46221636A12BEE11DE2DD16E,C772E9C3CD7A04A2CE3FBD1F5AE659E0935B786B235B17354DB83371BB4FF3EA,OrCAD X PCB Editor 25.1 S040,Excellon batch export; auto tool table retained,Engineering_Review_Not_For_Fabrication
IPC2581,manufacturing/stage3_final_revk/pcie_gen3_x4_nvme_adapter_reva_revk_final_ipc2581.xml,1567224,26FC124B47BE6017C94937266920D80A5615BA31A1B957F3A52D1F86A3C081AC,C772E9C3CD7A04A2CE3FBD1F5AE659E0935B786B235B17354DB83371BB4FF3EA,OrCAD X PCB Editor 25.1 S040,IPC-2581-C; mm; masks/paste/silkscreen included,Engineering_Review_Not_For_Fabrication
Assembly_STEP,manufacturing/stage3_final_revk/pcie_gen3_x4_nvme_adapter_reva_revk_final_preliminary.step,8939536,DB176B106DC8D612EBFF79B8306FD327B831017CC22861F32DA83B99DF441EE0,C772E9C3CD7A04A2CE3FBD1F5AE659E0935B786B235B17354DB83371BB4FF3EA,OrCAD X 3DX Canvas 25.1 S040,mm; STEP AP242; TOP/UPPER datum; internal conductors/vias excluded,Preliminary_Mechanical
Report_or_Log,manufacturing/stage3_final_revk/photoplot.log,18791,761F2136D734CE7EEAB12A8AD2A656754818C0572799EBD36AA0B457C325531F,C772E9C3CD7A04A2CE3FBD1F5AE659E0935B786B235B17354DB83371BB4FF3EA,OrCAD X/Python 3.13,Audit or export evidence,Recorded
Placement,manufacturing/stage3_final_revk/pick_and_place_revk_preliminary.csv,8911,2C36EB3E2A58A45EE84BF1FB621ECE8183DBBFFB01E76357BDC2E2F541D64E12,C772E9C3CD7A04A2CE3FBD1F5AE659E0935B786B235B17354DB83371BB4FF3EA,OrCAD X/Python 3.13,Native placement export,Preliminary_Not_For_Fabrication
Native_Board,pcb/allegro/stage3/pcie_gen3_x4_nvme_adapter_reva_stage3_route_revk_interview_digital_complete.brd,2083392,C772E9C3CD7A04A2CE3FBD1F5AE659E0935B786B235B17354DB83371BB4FF3EA,C772E9C3CD7A04A2CE3FBD1F5AE659E0935B786B235B17354DB83371BB4FF3EA,OrCAD X PCB Professional Plus 25.1 S040,Native database,Interview_Digital_Complete
Report_or_Log,pcb/allegro/stage3/stage3_revk_closure_audit.txt,1097,B4300C28E8CE3E4161A79546D0ADB7BB510B1E49CBCDFEFC82E63CE16F39345F,C772E9C3CD7A04A2CE3FBD1F5AE659E0935B786B235B17354DB83371BB4FF3EA,OrCAD X/Python 3.13,Audit or export evidence,Recorded
Report_or_Log,pcb/allegro/stage3/stage3_revk_native_diffpair_reopen_audit.txt,819,440B241F02397D903A1A54AD4D70BBDB2012690680D5CF0B5DF65ABFB1D12722,C772E9C3CD7A04A2CE3FBD1F5AE659E0935B786B235B17354DB83371BB4FF3EA,OrCAD X/Python 3.13,Audit or export evidence,Recorded
Report_or_Log,pcb/allegro/stage3/stage3_revk_shape_island_closure_report.txt,580,9403C6D3481C7FD52E09C486CB242C110E6B30AA401F46EB0E213B9CEE022F00,C772E9C3CD7A04A2CE3FBD1F5AE659E0935B786B235B17354DB83371BB4FF3EA,OrCAD X/Python 3.13,Audit or export evidence,Recorded
PSpice_Sweep,pspice/stage3/recovery_sweep/recovery_sweep_results.csv,7970,2F5471C36A004B1F4DD15A0074488DDA04632A5A9AF90B9607A8CAC80A23F1A9,C772E9C3CD7A04A2CE3FBD1F5AE659E0935B786B235B17354DB83371BB4FF3EA,PSpice 25.1,15 s per-case runtime limit,Not_Concluded_Runtime_Limit
Report_or_Log,validation/stage3_fabrication_and_bringup_gate.md,2578,045B74EDFD6043F826FB1CFD5C7A2B3BB799505EFEFE0AE6CC3A2D0BBD001592,C772E9C3CD7A04A2CE3FBD1F5AE659E0935B786B235B17354DB83371BB4FF3EA,OrCAD X/Python 3.13,Audit or export evidence,Recorded
