RefDes,Package,X_mm,Y_mm,Rotation_deg,Side,Assembly_Disposition,Source_Board_SHA256,Release_Disposition
J2,AMPHENOL_MDT420M01501,36.0000,36.0000,90.0,TOP,Populate,C772E9C3CD7A04A2CE3FBD1F5AE659E0935B786B235B17354DB83371BB4FF3EA,Preliminary_Not_For_Fabrication
C1,C_0402_1005M,48.0000,52.0000,0.0,TOP,Populate,C772E9C3CD7A04A2CE3FBD1F5AE659E0935B786B235B17354DB83371BB4FF3EA,Preliminary_Not_For_Fabrication
C2,C_0603_1608M_RESERVED,47.0000,60.0000,0.0,TOP,Populate,C772E9C3CD7A04A2CE3FBD1F5AE659E0935B786B235B17354DB83371BB4FF3EA,Preliminary_Not_For_Fabrication
C3,C_0603_1608M_RESERVED,50.0000,60.0000,0.0,TOP,Populate,C772E9C3CD7A04A2CE3FBD1F5AE659E0935B786B235B17354DB83371BB4FF3EA,Preliminary_Not_For_Fabrication
R1,R_0603_1608M,47.0000,62.0000,0.0,TOP,Populate,C772E9C3CD7A04A2CE3FBD1F5AE659E0935B786B235B17354DB83371BB4FF3EA,Preliminary_Not_For_Fabrication
R2,R_0603_1608M,49.5000,62.0000,0.0,TOP,Populate,C772E9C3CD7A04A2CE3FBD1F5AE659E0935B786B235B17354DB83371BB4FF3EA,Preliminary_Not_For_Fabrication
R3,R_0603_1608M,52.0000,62.0000,0.0,TOP,Populate,C772E9C3CD7A04A2CE3FBD1F5AE659E0935B786B235B17354DB83371BB4FF3EA,Preliminary_Not_For_Fabrication
R4,R_0603_1608M,54.5000,62.0000,0.0,TOP,Populate,C772E9C3CD7A04A2CE3FBD1F5AE659E0935B786B235B17354DB83371BB4FF3EA,Preliminary_Not_For_Fabrication
R5,R_0603_1608M,57.0000,62.0000,0.0,TOP,Populate,C772E9C3CD7A04A2CE3FBD1F5AE659E0935B786B235B17354DB83371BB4FF3EA,Preliminary_Not_For_Fabrication
R6,R_0603_1608M,59.5000,62.0000,0.0,TOP,Populate,C772E9C3CD7A04A2CE3FBD1F5AE659E0935B786B235B17354DB83371BB4FF3EA,Preliminary_Not_For_Fabrication
U1,TI_RPW10_2P0X2P0,50.0000,56.0000,0.0,TOP,Populate,C772E9C3CD7A04A2CE3FBD1F5AE659E0935B786B235B17354DB83371BB4FF3EA,Preliminary_Not_For_Fabrication
C4,C_1210_3225M,54.0000,52.0000,0.0,TOP,Populate,C772E9C3CD7A04A2CE3FBD1F5AE659E0935B786B235B17354DB83371BB4FF3EA,Preliminary_Not_For_Fabrication
C5,C_1210_3225M,58.6000,52.0000,0.0,TOP,Populate,C772E9C3CD7A04A2CE3FBD1F5AE659E0935B786B235B17354DB83371BB4FF3EA,Preliminary_Not_For_Fabrication
C6,C_0402_1005M,62.0000,51.0000,0.0,TOP,Populate,C772E9C3CD7A04A2CE3FBD1F5AE659E0935B786B235B17354DB83371BB4FF3EA,Preliminary_Not_For_Fabrication
C7,C_0402_1005M,64.0000,53.0000,0.0,TOP,Populate,C772E9C3CD7A04A2CE3FBD1F5AE659E0935B786B235B17354DB83371BB4FF3EA,Preliminary_Not_For_Fabrication
C8,C_0603_1608M,66.0000,52.0000,0.0,TOP,Populate,C772E9C3CD7A04A2CE3FBD1F5AE659E0935B786B235B17354DB83371BB4FF3EA,Preliminary_Not_For_Fabrication
C9,C_0402_1005M,72.0000,52.0000,0.0,TOP,Populate,C772E9C3CD7A04A2CE3FBD1F5AE659E0935B786B235B17354DB83371BB4FF3EA,Preliminary_Not_For_Fabrication
C10,C_0402_1005M,80.0000,62.0000,0.0,TOP,Populate,C772E9C3CD7A04A2CE3FBD1F5AE659E0935B786B235B17354DB83371BB4FF3EA,Preliminary_Not_For_Fabrication
C11,C_1210_3225M,82.0000,51.0000,90.0,TOP,Populate,C772E9C3CD7A04A2CE3FBD1F5AE659E0935B786B235B17354DB83371BB4FF3EA,Preliminary_Not_For_Fabrication
C12,C_1210_3225M,86.0000,51.0000,90.0,TOP,Populate,C772E9C3CD7A04A2CE3FBD1F5AE659E0935B786B235B17354DB83371BB4FF3EA,Preliminary_Not_For_Fabrication
C13,C_1210_3225M,82.0000,58.5000,90.0,TOP,Populate,C772E9C3CD7A04A2CE3FBD1F5AE659E0935B786B235B17354DB83371BB4FF3EA,Preliminary_Not_For_Fabrication
C14,C_1210_3225M,86.0000,59.5000,90.0,TOP,Populate,C772E9C3CD7A04A2CE3FBD1F5AE659E0935B786B235B17354DB83371BB4FF3EA,Preliminary_Not_For_Fabrication
L1,COILCRAFT_XGL5050,76.0000,56.0000,0.0,TOP,Populate,C772E9C3CD7A04A2CE3FBD1F5AE659E0935B786B235B17354DB83371BB4FF3EA,Preliminary_Not_For_Fabrication
R7,R_0603_1608M,62.0000,62.0000,0.0,TOP,Populate,C772E9C3CD7A04A2CE3FBD1F5AE659E0935B786B235B17354DB83371BB4FF3EA,Preliminary_Not_For_Fabrication
R8,R_0603_1608M,65.0000,62.0000,0.0,TOP,Populate,C772E9C3CD7A04A2CE3FBD1F5AE659E0935B786B235B17354DB83371BB4FF3EA,Preliminary_Not_For_Fabrication
R9,R_0603_1608M,67.5000,62.0000,0.0,TOP,Populate,C772E9C3CD7A04A2CE3FBD1F5AE659E0935B786B235B17354DB83371BB4FF3EA,Preliminary_Not_For_Fabrication
R10,R_0603_1608M,70.0000,62.0000,0.0,TOP,Populate,C772E9C3CD7A04A2CE3FBD1F5AE659E0935B786B235B17354DB83371BB4FF3EA,Preliminary_Not_For_Fabrication
R11,R_0603_1608M,72.5000,62.0000,0.0,TOP,Populate,C772E9C3CD7A04A2CE3FBD1F5AE659E0935B786B235B17354DB83371BB4FF3EA,Preliminary_Not_For_Fabrication
R12,R_0603_1608M,75.0000,62.0000,0.0,TOP,Populate,C772E9C3CD7A04A2CE3FBD1F5AE659E0935B786B235B17354DB83371BB4FF3EA,Preliminary_Not_For_Fabrication
R13,R_0603_1608M,77.5000,62.0000,0.0,TOP,Populate,C772E9C3CD7A04A2CE3FBD1F5AE659E0935B786B235B17354DB83371BB4FF3EA,Preliminary_Not_For_Fabrication
R14,R_0603_1608M,98.0000,21.0000,0.0,TOP,Populate,C772E9C3CD7A04A2CE3FBD1F5AE659E0935B786B235B17354DB83371BB4FF3EA,Preliminary_Not_For_Fabrication
RSH1,VISHAY_WSK2512_4T,92.0000,56.0000,0.0,TOP,Populate,C772E9C3CD7A04A2CE3FBD1F5AE659E0935B786B235B17354DB83371BB4FF3EA,Preliminary_Not_For_Fabrication
U2,TI_RPY14_2P5X3P0,69.0000,56.0000,0.0,TOP,Populate,C772E9C3CD7A04A2CE3FBD1F5AE659E0935B786B235B17354DB83371BB4FF3EA,Preliminary_Not_For_Fabrication
C15,C_0402_1005M,50.0000,10.0000,0.0,TOP,Populate,C772E9C3CD7A04A2CE3FBD1F5AE659E0935B786B235B17354DB83371BB4FF3EA,Preliminary_Not_For_Fabrication
C16,C_0402_1005M,69.0000,21.0000,0.0,TOP,Populate,C772E9C3CD7A04A2CE3FBD1F5AE659E0935B786B235B17354DB83371BB4FF3EA,Preliminary_Not_For_Fabrication
C17,C_0402_1005M,74.0000,21.0000,0.0,TOP,Populate,C772E9C3CD7A04A2CE3FBD1F5AE659E0935B786B235B17354DB83371BB4FF3EA,Preliminary_Not_For_Fabrication
FB1,MURATA_BLM21_0805,78.0000,15.0000,0.0,TOP,Populate,C772E9C3CD7A04A2CE3FBD1F5AE659E0935B786B235B17354DB83371BB4FF3EA,Preliminary_Not_For_Fabrication
R15,R_0603_1608M,54.0000,21.0000,0.0,TOP,Populate,C772E9C3CD7A04A2CE3FBD1F5AE659E0935B786B235B17354DB83371BB4FF3EA,Preliminary_Not_For_Fabrication
R16,R_0603_1608M,57.0000,21.0000,0.0,TOP,Populate,C772E9C3CD7A04A2CE3FBD1F5AE659E0935B786B235B17354DB83371BB4FF3EA,Preliminary_Not_For_Fabrication
U3,TI_DGS10_VSSOP,50.0000,15.0000,0.0,TOP,Populate,C772E9C3CD7A04A2CE3FBD1F5AE659E0935B786B235B17354DB83371BB4FF3EA,Preliminary_Not_For_Fabrication
U4,TI_D8_SOIC,61.0000,15.0000,0.0,TOP,Populate,C772E9C3CD7A04A2CE3FBD1F5AE659E0935B786B235B17354DB83371BB4FF3EA,Preliminary_Not_For_Fabrication
C18,C_0603_1608M,69.0000,10.0000,0.0,TOP,Populate,C772E9C3CD7A04A2CE3FBD1F5AE659E0935B786B235B17354DB83371BB4FF3EA,Preliminary_Not_For_Fabrication
D1,LED_0603_1608M,104.0000,15.0000,0.0,TOP,Populate,C772E9C3CD7A04A2CE3FBD1F5AE659E0935B786B235B17354DB83371BB4FF3EA,Preliminary_Not_For_Fabrication
J3,HDR_1X4_2P54_RA,89.0000,15.0000,0.0,TOP,Populate,C772E9C3CD7A04A2CE3FBD1F5AE659E0935B786B235B17354DB83371BB4FF3EA,Preliminary_Not_For_Fabrication
Q1,SOT23_STANDARD,100.0000,15.0000,0.0,TOP,Populate,C772E9C3CD7A04A2CE3FBD1F5AE659E0935B786B235B17354DB83371BB4FF3EA,Preliminary_Not_For_Fabrication
R17,R_0603_1608M,46.0000,10.0000,0.0,TOP,Populate,C772E9C3CD7A04A2CE3FBD1F5AE659E0935B786B235B17354DB83371BB4FF3EA,Preliminary_Not_For_Fabrication
R18,R_0603_1608M,61.0000,9.0000,0.0,TOP,Populate,C772E9C3CD7A04A2CE3FBD1F5AE659E0935B786B235B17354DB83371BB4FF3EA,Preliminary_Not_For_Fabrication
R19,R_0603_1608M,103.0000,21.0000,90.0,TOP,Populate,C772E9C3CD7A04A2CE3FBD1F5AE659E0935B786B235B17354DB83371BB4FF3EA,Preliminary_Not_For_Fabrication
RISO1,R_0603_1608M,75.0000,10.0000,0.0,TOP,Populate,C772E9C3CD7A04A2CE3FBD1F5AE659E0935B786B235B17354DB83371BB4FF3EA,Preliminary_Not_For_Fabrication
TP1,HARWIN_S1751_46R,43.0000,61.5000,0.0,TOP,Populate,C772E9C3CD7A04A2CE3FBD1F5AE659E0935B786B235B17354DB83371BB4FF3EA,Preliminary_Not_For_Fabrication
TP2,HARWIN_S1751_46R,65.0000,49.0000,0.0,TOP,Populate,C772E9C3CD7A04A2CE3FBD1F5AE659E0935B786B235B17354DB83371BB4FF3EA,Preliminary_Not_For_Fabrication
TP3,HARWIN_S1751_46R,78.0000,49.0000,0.0,TOP,Populate,C772E9C3CD7A04A2CE3FBD1F5AE659E0935B786B235B17354DB83371BB4FF3EA,Preliminary_Not_For_Fabrication
TP4,HARWIN_S1751_46R,99.0000,61.0000,0.0,TOP,Populate,C772E9C3CD7A04A2CE3FBD1F5AE659E0935B786B235B17354DB83371BB4FF3EA,Preliminary_Not_For_Fabrication
TP5,HARWIN_S1751_46R,80.0000,10.0000,0.0,TOP,Populate,C772E9C3CD7A04A2CE3FBD1F5AE659E0935B786B235B17354DB83371BB4FF3EA,Preliminary_Not_For_Fabrication
TP6,HARWIN_S1751_46R,74.0000,49.0000,0.0,TOP,Populate,C772E9C3CD7A04A2CE3FBD1F5AE659E0935B786B235B17354DB83371BB4FF3EA,Preliminary_Not_For_Fabrication
TP7,HARWIN_S1751_46R,46.0000,20.0000,0.0,TOP,Populate,C772E9C3CD7A04A2CE3FBD1F5AE659E0935B786B235B17354DB83371BB4FF3EA,Preliminary_Not_For_Fabrication
TP8,HARWIN_S1751_46R,66.0000,21.0000,0.0,TOP,Populate,C772E9C3CD7A04A2CE3FBD1F5AE659E0935B786B235B17354DB83371BB4FF3EA,Preliminary_Not_For_Fabrication
TP9,HARWIN_S1751_46R,95.0000,9.0000,0.0,TOP,Populate,C772E9C3CD7A04A2CE3FBD1F5AE659E0935B786B235B17354DB83371BB4FF3EA,Preliminary_Not_For_Fabrication
U5,ADI_CP_8_10,72.0000,15.0000,0.0,TOP,Populate,C772E9C3CD7A04A2CE3FBD1F5AE659E0935B786B235B17354DB83371BB4FF3EA,Preliminary_Not_For_Fabrication
